Unnamed: 0,Timestamp,s1,s2,s1_clean,s2_clean,l_force_lbs,l_force_N,r_force_lbs,r_force_N,athletes_name,protocol_name,protocol_type,leg,elapsed_time_sec
0,1702052885.725039,-382400,-537619,-382400,-537619,57.77052611359444,276.96650433699614,58.5988521781115,280.93770885899414,zSophia,CMJ,double,both,0.0
1,1702052885.739389,-382876,-537903,-382876,-537903,57.82767148613985,277.2404736971127,58.63419274796575,281.10714048360086,zSophia,CMJ,double,both,0.0143499374389648
2,1702052885.753817,-383291,-538081,-383291,-538081,57.87749360716158,277.47933353839073,58.656342823437775,281.21333354409376,zSophia,CMJ,double,both,0.028778076171875
3,1702052885.76821,-383315,-538225,-383315,-538225,57.88037488644958,277.49314711957305,58.67426198561739,281.29924253685203,zSophia,CMJ,double,both,0.0431709289550781
4,1702052885.782698,-383029,-538338,-383029,-538338,57.84603964160087,277.3285352771501,58.68832355038335,281.3666572325582,zSophia,CMJ,double,both,0.0576589107513427
5,1702052885.797149,-382554,-538513,-382554,-538513,57.78901432235913,277.05514148291616,58.71010030997663,281.47106052236865,zSophia,CMJ,double,both,0.0721099376678466
6,1702052885.811556,-382203,-539823,-382203,-539823,57.74687561277207,276.85311785812434,58.87311491036064,282.25259372037823,zSophia,CMJ,double,both,0.0865170955657959
7,1702052885.825909,-382534,-540227,-382534,-540227,57.78661325628579,277.04363016526423,58.92338811536457,282.49361617228345,zSophia,CMJ,double,both,0.1008698940277099
8,1702052885.840265,-382394,-540047,-382394,-540047,57.769805793772434,276.96305094170054,58.90098916264005,282.3862299313356,zSophia,CMJ,double,both,0.1152260303497314
9,1702052885.8564749,-382174,-539615,-382174,-539615,57.743394066965735,276.83642644752905,58.8472316761012,282.12850295306066,zSophia,CMJ,double,both,0.1314358711242675
10,1702052885.868505,-382336,-539492,-382336,-539492,57.76284270215976,276.92966812050986,58.83192572507277,282.0551223550796,zSophia,CMJ,double,both,0.1434659957885742
11,1702052885.8827531,-382915,-539290,-382915,-539290,57.83235356498285,277.262920766534,58.80678912257081,281.934611129127,zSophia,CMJ,double,both,0.1577141284942627
12,1702052885.897117,-383032,-537522,-383032,-537522,57.84639980151187,277.3302619747979,58.58678163136551,280.8798396069278,zSophia,CMJ,double,both,0.1720778942108154
13,1702052885.9113758,-382359,-536219,-382359,-536219,57.765603928144095,276.9429061358096,58.424638101365225,280.10248254051066,zSophia,CMJ,double,both,0.1863367557525634
14,1702052885.925709,-381770,-535562,-381770,-535562,57.694892532284335,276.6038978309595,58.34288192392072,279.71052276105087,zSophia,CMJ,double,both,0.2006700038909912
15,1702052885.940025,-381495,-535366,-381495,-535366,57.66187787377596,276.4456172132451,58.31849195317624,279.5935910764632,zSophia,CMJ,double,both,0.2149860858917236
16,1702052885.954421,-381430,-535643,-381430,-535643,57.65407440903761,276.40820543087625,58.35296145264675,279.7588465694774,zSophia,CMJ,double,both,0.229382038116455
17,1702052885.968776,-382145,-535636,-382145,-535636,57.7399125211594,276.8197350369337,58.35209038226302,279.754670437885,zSophia,CMJ,double,both,0.243736982345581
18,1702052885.98314,-382381,-535711,-382381,-535711,57.76824510082477,276.9555685852268,58.36142327923157,279.7994147049466,zSophia,CMJ,double,both,0.2581009864807129
19,1702052885.997406,-382458,-536373,-382458,-536373,57.77748920520711,276.9998871581868,58.44380164980731,280.19435743554385,zSophia,CMJ,double,both,0.272367000579834
20,1702052886.011731,-383527,-536943,-383527,-536943,57.90582618682695,277.6151670866838,58.5147316667683,280.5344138652121,zSophia,CMJ,double,both,0.2866919040679931
21,1702052886.026125,-383833,-537621,-383833,-537621,57.942562497749,277.7912902467588,58.599101055364,280.93890203944915,zSophia,CMJ,double,both,0.3010859489440918
22,1702052886.040511,-384001,-538288,-384001,-538288,57.96273145276503,277.8879853150352,58.68210161907098,281.3368277211838,zSophia,CMJ,double,both,0.315471887588501
23,1702052886.0547478,-383981,-539755,-383981,-539755,57.96033038669169,277.8764739973832,58.86465308377583,282.21202558490904,zSophia,CMJ,double,both,0.3297088146209717
24,1702052886.069107,-383656,-539898,-383656,-539898,57.92131306299997,277.68941508553894,58.88244780732919,282.29733798743985,zSophia,CMJ,double,both,0.3440680503845215
25,1702052886.083584,-383061,-539849,-383061,-539849,57.84988134731821,277.34695338539325,58.87635031464308,282.26810506629295,zSophia,CMJ,double,both,0.3585450649261474
26,1702052886.097879,-382431,-538864,-382431,-538864,57.77424776600811,276.9843468793567,58.75377826778944,281.680463692217,zSophia,CMJ,double,both,0.3728399276733398
27,1702052886.112218,-381881,-538726,-381881,-538726,57.70821844899135,276.66778564392786,58.73660573736731,281.59813424082364,zSophia,CMJ,double,both,0.3871791362762451
28,1702052886.126578,-380451,-538681,-380451,-538681,57.53654222474779,275.84472643181306,58.73100599918618,281.5712876805867,zSophia,CMJ,double,both,0.4015388488769531
29,1702052886.140915,-379560,-538845,-379560,-538845,57.42957473118064,275.3318972304184,58.751413933890746,281.6691284778948,zSophia,CMJ,double,both,0.4158759117126465
30,1702052886.155345,-379382,-539547,-379382,-539547,57.408205243127945,275.229446503316,58.838769849516375,282.0879348175915,zSophia,CMJ,double,both,0.4303059577941894
31,1702052886.169587,-379853,-540063,-379853,-540063,57.46475034915503,275.50053803401954,58.90298018066001,282.3957753749754,zSophia,CMJ,double,both,0.4445478916168213
32,1702052886.1839428,-380040,-540318,-380040,-540318,57.48720031694072,275.6081688540653,58.93471203035308,282.5479058829849,zSophia,CMJ,double,both,0.4589037895202636
33,1702052886.198891,-379896,-541092,-379896,-541092,57.46991264121269,275.52528736697127,59.03102752706853,283.0096667190608,zSophia,CMJ,double,both,0.4738519191741943
34,1702052886.268513,-379930,-540925,-379930,-540925,57.47399445353737,275.5448566069796,59.01024627648521,282.91003615107024,zSophia,CMJ,double,both,0.5434739589691162
35,1702052886.268598,-379815,-540410,-379815,-540410,57.46018832361568,275.47866653048084,58.94616038396784,282.60279218391383,zSophia,CMJ,double,both,0.5435590744018555
36,1702052886.268678,-380054,-540013,-380054,-540013,57.48888106319205,275.6162267764217,58.89675824934764,282.36594586360104,zSophia,CMJ,double,both,0.5436389446258545
37,1702052886.268759,-380100,-539832,-380100,-539832,57.494403515160734,275.64270280702124,58.87423485799687,282.2579630324256,zSophia,CMJ,double,both,0.543720006942749
38,1702052886.269902,-380251,-539516,-380251,-539516,57.51253156401442,275.7296132552935,58.83491225210271,282.06944052053933,zSophia,CMJ,double,both,0.5448629856109619
39,1702052886.284385,-380045,-539442,-380045,-539442,57.487800583459055,275.6110466834783,58.8257037937604,282.0252928437052,zSophia,CMJ,double,both,0.5593459606170654
40,1702052886.2987058,-380133,-539460,-380133,-539460,57.49836527418174,275.6616964811469,58.82794368903286,282.0360314678,zSophia,CMJ,double,both,0.5736668109893799
41,1702052886.3130398,-380852,-539557,-380852,-539557,57.584683599518186,276.0755283507348,58.84001423577885,282.0939007198664,zSophia,CMJ,double,both,0.5880007743835449
42,1702052886.3273542,-382050,-540014,-382050,-540014,57.728507457311046,276.7650562780869,58.896882687973886,282.3665424538285,zSophia,CMJ,double,both,0.6023151874542236
43,1702052886.341708,-382577,-540379,-382577,-540379,57.791775548343466,277.0683794982159,58.942302786554166,282.5842978868617,zSophia,CMJ,double,both,0.6166689395904541
44,1702052886.356107,-382748,-539898,-382748,-539898,57.81230466327049,277.16680126414013,58.88244780732919,282.29733798743985,zSophia,CMJ,double,both,0.6310679912567139
45,1702052886.370458,-382077,-539613,-382077,-539613,57.73174889651005,276.78059655691703,58.8469827988487,282.1273097726057,zSophia,CMJ,double,both,0.6454191207885742
46,1702052886.3848372,-381483,-539377,-381483,-539377,57.66043723413196,276.438710422654,58.81761528305433,281.9865144789185,zSophia,CMJ,double,both,0.6597981452941895
47,1702052886.399143,-381633,-539537,-381633,-539537,57.67844522968198,276.5250453050436,58.837525463253904,282.0819689153166,zSophia,CMJ,double,both,0.6741039752960205
48,1702052886.413495,-381800,-539594,-381800,-539594,57.69849413139434,276.6211648074375,58.84461846495,282.1159745582834,zSophia,CMJ,double,both,0.6884560585021973
49,1702052886.427894,-381289,-539240,-381289,-539240,57.63714689322059,276.32705064143,58.800567191258445,281.9047816177526,zSophia,CMJ,double,both,0.702855110168457
50,1702052886.442264,-380215,-538438,-380215,-538438,57.50820964508242,275.70889288352,58.70076741300807,281.42631625530703,zSophia,CMJ,double,both,0.7172250747680664
51,1702052886.4565508,-379852,-537624,-379852,-537624,57.46463029585136,275.49996246813697,58.59947437124274,280.9406918101316,zSophia,CMJ,double,both,0.7315118312835693
52,1702052886.4709718,-379414,-537908,-379414,-537908,57.41204694884529,275.2478646115591,58.63481494109698,281.1101234347383,zSophia,CMJ,double,both,0.7459328174591064
53,1702052886.485246,-380140,-538348,-380140,-538348,57.499205647307406,275.66572544232514,58.689567936645815,281.3726231348331,zSophia,CMJ,double,both,0.760206937789917
54,1702052886.499594,-380197,-538566,-380197,-538566,57.50604868561641,275.6985326976332,58.71669555716773,281.5026798044255,zSophia,CMJ,double,both,0.774554967880249
55,1702052886.513921,-380351,-538945,-380351,-538945,57.52453689438111,275.7871698435533,58.76385779651548,281.7287875006436,zSophia,CMJ,double,both,0.7888820171356201
56,1702052886.5283232,-380624,-539408,-380624,-539408,57.55731144628215,275.9442993295024,58.821472880468,282.0050087759706,zSophia,CMJ,double,both,0.8032841682434082
57,1702052886.542809,-381556,-540486,-381556,-540486,57.66920112529963,276.48072673208355,58.95561771956263,282.6481330412029,zSophia,CMJ,double,both,0.8177700042724609
58,1702052886.556924,-381760,-540575,-381760,-540575,57.69369199924767,276.5981421721335,58.966692757298645,282.7012295714494,zSophia,CMJ,double,both,0.8318848609924316
59,1702052886.571499,-381401,-540272,-381401,-540272,57.65059286323128,276.3915140202809,58.9289878535457,282.52046273252046,zSophia,CMJ,double,both,0.8464601039886475
60,1702052886.585828,-381119,-540177,-381119,-540177,57.61673783159723,276.22920444138833,58.917166184052206,282.4637866609091,zSophia,CMJ,double,both,0.8607890605926514
61,1702052886.600075,-381501,-540291,-381501,-540291,57.66259819359796,276.4490706085407,58.9313521874444,282.53179794684274,zSophia,CMJ,double,both,0.8750360012054443
62,1702052886.614411,-381043,-540316,-381043,-540316,57.60761378051855,276.1854614343109,58.93446315310058,282.54671270253,zSophia,CMJ,double,both,0.8893721103668213
63,1702052886.628709,-380666,-539917,-380666,-539917,57.56235368503616,275.9684730965716,58.8848121412279,282.30867320176213,zSophia,CMJ,double,both,0.903670072555542
64,1702052886.6431518,-379239,-539048,-379239,-539048,57.39103762070359,275.1471405821045,58.77667497501896,281.7902362940749,zSophia,CMJ,double,both,0.9181127548217772
65,1702052886.657509,-379072,-538767,-379072,-538767,57.37098871899124,275.0510210797107,58.741707721043454,281.6225944401507,zSophia,CMJ,double,both,0.9324700832366944
66,1702052886.671819,-379324,-539134,-379324,-539134,57.40124215151527,275.1960636821253,58.78737669687622,281.8415430536388,zSophia,CMJ,double,both,0.94677996635437
67,1702052886.6859462,-379850,-539927,-379850,-539927,57.46439018924402,275.4988113363718,58.88605652749037,282.31463910403704,zSophia,CMJ,double,both,0.960907220840454
68,1702052886.700312,-380438,-540703,-380438,-540703,57.53498153180012,275.83724407533924,58.982620901458304,282.7775931205679,zSophia,CMJ,double,both,0.9752731323242188
69,1702052886.714735,-380473,-540508,-380473,-540508,57.53918339742846,275.8573888812302,58.95835536934008,282.6612580262077,zSophia,CMJ,double,both,0.9896960258483888
70,1702052886.729072,-380608,-540198,-380608,-540198,57.55539059342348,275.9350902753809,58.9197793952034,282.4763150556863,zSophia,CMJ,double,both,1.004033088684082
71,1702052886.743668,-380390,-539735,-380390,-539735,57.52921897322411,275.80961691297455,58.86216431125088,282.2000937803593,zSophia,CMJ,double,both,1.0186290740966797
72,1702052886.757786,-381086,-540036,-381086,-540036,57.612776072576224,276.21021076726265,58.89962033775133,282.3796674388332,zSophia,CMJ,double,both,1.0327470302581787
73,1702052886.772279,-381658,-540511,-381658,-540511,57.68144656227365,276.53943445210854,58.958728685218816,282.66304779689017,zSophia,CMJ,double,both,1.0472400188446045
74,1702052886.786747,-381438,-540541,-381438,-540541,57.65503483546695,276.41280995793704,58.96246184400624,282.6809455037148,zSophia,CMJ,double,both,1.0617079734802246
75,1702052886.801905,-380694,-539763,-380694,-539763,57.56571517753883,275.9845889412843,58.8656485927858,282.21679830672895,zSophia,CMJ,double,both,1.0768659114837646
76,1702052886.815194,-379750,-539575,-379750,-539575,57.45238485887734,275.441254748112,58.842254131051305,282.10463934396114,zSophia,CMJ,double,both,1.0901551246643066
77,1702052886.8295438,-378954,-539864,-378954,-539864,57.35682242915855,274.9831043055641,58.87821689403678,282.2770539197052,zSophia,CMJ,double,both,1.1045048236846924
78,1702052886.844003,-378579,-541116,-378579,-541116,57.311802440283486,274.76726709959,59.034014054098456,283.02398488452053,zSophia,CMJ,double,both,1.1189639568328855
79,1702052886.858289,-378366,-541949,-378366,-541949,57.28623108660245,274.6446715665966,59.13767142976249,283.5209445440182,zSophia,CMJ,double,both,1.1332499980926514
80,1702052886.8726778,-378007,-542535,-378007,-542535,57.24313195058606,274.4380434147441,59.21059246474344,283.87054641732635,zSophia,CMJ,double,both,1.1476387977600098
81,1702052886.887,-377565,-542807,-377565,-542807,57.19006839036532,274.18364329463583,59.24443977108271,284.0328189592031,zSophia,CMJ,double,both,1.1619610786437988
82,1702052886.901314,-377746,-543677,-377746,-543677,57.211798038329015,274.287820719386,59.352701375917896,284.5518524571179,zSophia,CMJ,double,both,1.1762750148773191
83,1702052886.915621,-378687,-544249,-378687,-544249,57.3247681970795,274.82942821491054,59.42388027013138,284.8931020672412,zSophia,CMJ,double,both,1.190582036972046
84,1702052886.930037,-378335,-544188,-378335,-544188,57.28250943418878,274.62682902423614,59.41628951393029,284.85671006336435,zSophia,CMJ,double,both,1.204998016357422
85,1702052886.9443488,-377672,-541734,-377672,-541734,57.20291409385767,274.2452288440738,59.11091712511932,283.3926776451083,zSophia,CMJ,double,both,1.2193098068237305
86,1702052886.9588292,-377309,-540982,-377309,-540982,57.15933474462661,274.0362984286908,59.01733927818131,282.9440417940371,zSophia,CMJ,double,both,1.233790159225464
87,1702052886.9730508,-377607,-541234,-377607,-541234,57.19511062911933,274.20781706170493,59.048697811995645,283.09438253136415,zSophia,CMJ,double,both,1.248011827468872
88,1702052886.987307,-377704,-541462,-377704,-541462,57.20675579957501,274.26364695231695,59.07706981878004,283.2304051032315,zSophia,CMJ,double,both,1.26226806640625
89,1702052887.0017128,-377732,-541769,-377732,-541769,57.21011729207768,274.27976279702966,59.11527247703797,283.4135583030703,zSophia,CMJ,double,both,1.2766737937927246
90,1702052887.015914,-377460,-541441,-377460,-541441,57.1774627934803,274.1232088769631,59.074456607628846,283.21787670845424,zSophia,CMJ,double,both,1.29087495803833
91,1702052887.030327,-377413,-541088,-377413,-541088,57.17182028820796,274.0961572804809,59.03052977256353,283.00728035815087,zSophia,CMJ,double,both,1.3052880764007568
92,1702052887.044611,-377290,-541410,-377290,-541410,57.15705373185694,274.0253626769214,59.070599010215176,283.19938241140204,zSophia,CMJ,double,both,1.3195719718933103
93,1702052887.058816,-377140,-541714,-377140,-541714,57.13904573630692,273.9390277945318,59.108428352594366,283.38074584055846,zSophia,CMJ,double,both,1.3337769508361816
94,1702052887.073204,-378801,-542197,-378801,-541921,57.33845427369752,274.8950427255267,59.13418714822757,283.50424001764856,zSophia,CMJ,double,both,1.3481650352478027
95,1702052887.086174,-379547,-101,-379547,-542128,57.42801403823297,275.32441487394465,59.15994594386077,283.62773419473865,zSophia,CMJ,double,both,1.3611350059509275
96,1702052887.10086,-380353,-542893,-380353,-542335,57.52477700098844,275.7883209753184,59.18570473949397,283.7512283718287,zSophia,CMJ,double,both,1.375820875167847
97,1702052887.115139,-380644,-542542,-380644,-542542,57.55971251235548,275.9558106471544,59.211463535127166,283.8747225489187,zSophia,CMJ,double,both,1.3901000022888184
98,1702052887.12951,-379770,-542149,-379770,-542149,57.45478592495068,275.452766065764,59.16255915501196,283.6402625895159,zSophia,CMJ,double,both,1.404470920562744
99,1702052887.1439092,-379679,-540488,-379679,-540488,57.443861074317,275.40038957044754,58.95586659681513,282.649326221658,zSophia,CMJ,double,both,1.418870210647583
100,1702052887.158093,-379892,-540253,-379892,-540253,57.46943242799803,275.5229851034409,58.926623519647,282.50912751819817,zSophia,CMJ,double,both,1.433053970336914
101,1702052887.17252,-380175,-540048,-380175,-540048,57.50340751293575,275.6858702482161,58.901113601266296,282.3868265215631,zSophia,CMJ,double,both,1.4474809169769287
102,1702052887.1868842,-380353,-539900,-380353,-539900,57.52477700098844,275.7883209753184,58.88269668458169,282.29853116789485,zSophia,CMJ,double,both,1.4618451595306396
103,1702052887.201322,-380572,-539759,-380572,-539759,57.55106867449148,275.9143699036074,58.86515083828081,282.214411945819,zSophia,CMJ,double,both,1.476283073425293
104,1702052887.215689,-381013,-539480,-381013,-539480,57.60401218140854,276.1681944578329,58.830432461557805,282.04796327234976,zSophia,CMJ,double,both,1.490649938583374
105,1702052887.230516,-381802,-538725,-381802,-538725,57.69873423800167,276.6223159392026,58.73648129874106,281.59753765059617,zSophia,CMJ,double,both,1.505476951599121
106,1702052887.244249,-382243,-537565,-382243,-537565,57.75167774491874,276.87614049342824,58.59213249229415,280.9054929867098,zSophia,CMJ,double,both,1.5192101001739502
107,1702052887.2585962,-382156,-537706,-382156,-537706,57.74123310749973,276.82606626164227,58.60967833859503,280.9896122087857,zSophia,CMJ,double,both,1.5335571765899658
108,1702052887.272841,-381780,-538238,-381780,-538238,57.696093065321,276.6096534897855,58.67587968775861,281.3069982098094,zSophia,CMJ,double,both,1.5478019714355469
109,1702052887.287262,-381804,-538879,-381804,-538879,57.698974344609006,276.6234670709678,58.75564484718316,281.6894125456293,zSophia,CMJ,double,both,1.562222957611084
110,1702052887.301738,-382082,-539003,-382082,-539003,57.73234916302838,276.78347438633,58.771075236837824,281.76338973383787,zSophia,CMJ,double,both,1.5766990184783936
111,1702052887.315955,-382486,-538760,-382486,-538760,57.78085069770978,277.01600300289954,58.74083665065972,281.61841830855826,zSophia,CMJ,double,both,1.5909159183502195
112,1702052887.3302689,-382915,-538446,-382915,-538446,57.83235356498285,277.262920766534,58.701762922018055,281.43108897712693,zSophia,CMJ,double,both,1.6052298545837402
113,1702052887.344554,-383018,-537845,-383018,-537845,57.84471905526053,277.3222040524415,58.626975307643406,281.0725382504065,zSophia,CMJ,double,both,1.6195149421691897
114,1702052887.3589818,-382740,-538756,-382740,-538756,57.81134423684116,277.16219673707934,58.74033889615473,281.6160319476483,zSophia,CMJ,double,both,1.6339428424835205
115,1702052887.373261,-382494,-539647,-382494,-539647,57.78181112413912,277.0206075299604,58.85121371214111,282.1475938403403,zSophia,CMJ,double,both,1.6482219696044922
116,1702052887.3875048,-382495,-540597,-382495,-540597,57.78193117744279,277.0211830958429,58.96943040707609,282.71435455645417,zSophia,CMJ,double,both,1.6624658107757568
117,1702052887.401941,-382272,-541035,-382272,-541035,57.75515929072508,276.8928319040236,59.023934525372425,282.975661076094,zSophia,CMJ,double,both,1.6769020557403564
118,1702052887.416328,-382003,-541117,-382003,-541117,57.72286495203871,276.7380046816048,59.03413849272471,283.024581474748,zSophia,CMJ,double,both,1.691288948059082
119,1702052887.430702,-382296,-541350,-382296,-541350,57.75804057001309,276.906645485206,59.06313269264034,283.1635869977528,zSophia,CMJ,double,both,1.705662965774536
120,1702052887.4449642,-381495,-539413,-381495,-539413,57.66187787377596,276.4456172132451,58.82209507359924,282.00799172710805,zSophia,CMJ,double,both,1.7199251651763916
121,1702052887.459323,-381040,-537716,-381040,-537716,57.60725362060755,276.18373473666315,58.610922724857495,280.9955781110605,zSophia,CMJ,double,both,1.7342839241027832
122,1702052887.4735732,-380752,-536214,-380752,-536214,57.5726782691515,276.017971762475,58.42401590823399,280.09949958937324,zSophia,CMJ,double,both,1.7485342025756836
123,1702052887.487901,-380529,-535268,-380529,-535268,57.5459063824338,275.88962057065567,58.306296967804,279.53512523416936,zSophia,CMJ,double,both,1.762861967086792
124,1702052887.502357,-381240,-535129,-381240,-535129,57.63126428134091,276.29884791318267,58.28899999875562,279.45219919254845,zSophia,CMJ,double,both,1.777318000793457
125,1702052887.5165818,-382012,-536001,-382012,-536001,57.7239454317717,276.7431847745482,58.3975104808433,279.9724258709182,zSophia,CMJ,double,both,1.7915427684783936
126,1702052887.531072,-382597,-537000,-382597,-537000,57.7941766144168,277.0798908158679,58.5218246684644,280.568419508179,zSophia,CMJ,double,both,1.80603289604187
127,1702052887.545303,-383034,-538291,-383034,-538291,57.8466399081192,277.3314131065631,58.68247493494972,281.3386174918663,zSophia,CMJ,double,both,1.8202641010284424
128,1702052887.559695,-383287,-538965,-383287,-538965,57.87701339394691,277.47703127486034,58.76634656904042,281.7407193051933,zSophia,CMJ,double,both,1.834656000137329
129,1702052887.5740008,-383389,-539470,-383389,-539231,57.88925883092093,277.5357389948853,58.79944724362222,281.8994123057052,zSophia,CMJ,double,both,1.84896183013916
130,1702052887.586821,-383142,-101,-383142,-539497,57.85960566491522,277.3935742218837,58.832547918204014,282.0581053062171,zSophia,CMJ,double,both,1.8617820739746092
131,1702052887.601475,-382056,-539697,-382056,-539763,57.72922777713305,276.7685096733825,58.8656485927858,282.21679830672895,zSophia,CMJ,double,both,1.8764359951019287
132,1702052887.615757,-382050,-540030,-382050,-540030,57.728507457311046,276.7650562780869,58.89887370599384,282.3760878974683,zSophia,CMJ,double,both,1.8907179832458496
133,1702052887.630126,-381964,-540230,-381964,-540230,57.7181828731957,276.7155576121835,58.923761431243314,282.495405942966,zSophia,CMJ,double,both,1.9050869941711424
134,1702052887.644556,-381543,-540168,-381543,-540168,57.667640432351966,276.47324437560985,58.91604623641598,282.4584173488617,zSophia,CMJ,double,both,1.919517040252685
135,1702052887.6589282,-380711,-539921,-380711,-539921,57.56775608370116,275.99437356128846,58.88530989573288,282.3110595626721,zSophia,CMJ,double,both,1.9338891506195068
136,1702052887.673118,-380290,-539896,-380290,-539896,57.51721364285743,275.7520603247148,58.8821989300767,282.29614480698484,zSophia,CMJ,double,both,1.9480788707733157
137,1702052887.6875572,-379702,-539946,-379801,-539946,57.45850757736435,275.4706086081245,58.888420861389065,282.3259743183593,zSophia,CMJ,double,both,1.9625182151794436
138,1702052887.700392,-101,-540780,-379312,-540780,57.39980151187127,275.18915689153414,58.99220267567935,282.8235305680845,zSophia,CMJ,double,both,1.9753530025482176
139,1702052887.714967,-378188,-541359,-378823,-541359,57.34109544637819,274.9077051749438,59.06425264027656,283.1689563098002,zSophia,CMJ,double,both,1.9899280071258545
140,1702052887.729471,-378334,-541764,-378334,-541764,57.28238938088512,274.6262534583535,59.114650283906734,283.4105753519329,zSophia,CMJ,double,both,2.004431962966919
141,1702052887.743673,-378661,-542139,-378661,-542139,57.321646811184166,274.814463501963,59.161314768749484,283.634296687241,zSophia,CMJ,double,both,2.018634080886841
142,1702052887.758176,-379124,-542350,-379124,-542350,57.37723149078191,275.0809505056058,59.18757131888768,283.760177225241,zSophia,CMJ,double,both,2.033137083053589
143,1702052887.772319,-380392,-542386,-380392,-542386,57.52945907983145,275.8107680447398,59.19205110943258,283.7816544734306,zSophia,CMJ,double,both,2.0472800731658936
144,1702052887.7867851,-380771,-542523,-380771,-542523,57.57495928192117,276.02890751424434,59.20909920122847,283.8633873345965,zSophia,CMJ,double,both,2.061746120452881
145,1702052887.801016,-380630,-542303,-380630,-542303,57.55803176610415,275.947752724798,59.18172270345405,283.73213748454907,zSophia,CMJ,double,both,2.075977087020874
146,1702052887.8159108,-379517,-541989,-379517,-541989,57.42441243912297,275.3071478974667,59.14264897481239,283.54480815311774,zSophia,CMJ,double,both,2.090871810913086
147,1702052887.829791,-378433,-542010,-378433,-542010,57.29427465794813,274.68323448073073,59.14526218596358,283.55733654789503,zSophia,CMJ,double,both,2.1047520637512207
148,1702052887.844108,-377710,-541942,-377710,-541942,57.207476119397015,274.26710034761254,59.13680035937876,283.5167684124258,zSophia,CMJ,double,both,2.119069099426269
149,1702052887.858519,-377294,-542534,-377294,-542534,57.15753394507161,274.0276649404518,59.21046802611719,283.8699498270989,zSophia,CMJ,double,both,2.1334800720214844
150,1702052887.872757,-377118,-543381,-377118,-543381,57.13640456362625,273.9263653451146,59.31586754254869,284.3752617497814,zSophia,CMJ,double,both,2.1477179527282715
151,1702052887.8871942,-376960,-544097,-376960,-544097,57.11743614164689,273.83542593566415,59.404965598941786,284.802420352663,zSophia,CMJ,double,both,2.1621551513671875
152,1702052887.90155,-376658,-544481,-376658,-544481,57.08118004393951,273.66160503911965,59.45275003142076,285.03151100001844,zSophia,CMJ,double,both,2.17651104927063
153,1702052887.915817,-376321,-544976,-376321,-544976,57.040722080603786,273.46763933668416,59.5143471514132,285.3268231626251,zSophia,CMJ,double,both,2.1907780170440674
154,1702052887.9302242,-376827,-546370,-376827,-546370,57.101469052259205,273.7588756732787,59.68781459640199,286.1584699397437,zSophia,CMJ,double,both,2.2051851749420166
155,1702052887.9444869,-377190,-546841,-377190,-546841,57.14504840149026,273.9678060886617,59.74642518936449,286.43946393689066,zSophia,CMJ,double,both,2.2194478511810303
156,1702052887.958941,-377209,-545328,-377209,-545328,57.14732941425993,273.978741840431,59.55814954785226,285.53682292270094,zSophia,CMJ,double,both,2.2339019775390625
157,1702052887.9731789,-376944,-543635,-376944,-543635,57.115515288788224,273.8262168815426,59.34747495361551,284.52679566756336,zSophia,CMJ,double,both,2.2481398582458496
158,1702052887.987673,-376324,-542425,-376324,-542425,57.04108224051479,273.469366034332,59.19690421585623,283.80492149230264,zSophia,CMJ,double,both,2.262634038925171
159,1702052888.001826,-376256,-541196,-376256,-541196,57.03291861586544,273.4302275543153,59.04396914419824,283.0717121027196,zSophia,CMJ,double,both,2.276787042617798
160,1702052888.016175,-376611,-540662,-376611,-540662,57.07553753866717,273.6345534426376,58.97751891778216,282.7531329212409,zSophia,CMJ,double,both,2.2911360263824463
161,1702052888.030518,-377099,-540439,-377099,-540439,57.13412355085658,273.91542959334527,58.94976910412901,282.620093300511,zSophia,CMJ,double,both,2.305479049682617
162,1702052888.044791,-377536,-540521,-377536,-540521,57.18658684455898,274.1669518840405,58.959973071481286,282.669013699165,zSophia,CMJ,double,both,2.319751977920532
163,1702052888.0594702,-378272,-540671,-378272,-540671,57.274946076057766,274.59056837363244,58.97863886541839,282.75850223328825,zSophia,CMJ,double,both,2.3344311714172363
164,1702052888.073619,-379257,-541011,-379257,-541011,57.3931985801696,275.1575007679913,59.020947998342486,282.96134291063424,zSophia,CMJ,double,both,2.3485798835754395
165,1702052888.088245,-381149,-541047,-381149,-541047,57.62033943070723,276.2464714178663,59.02542778888739,282.98282015882387,zSophia,CMJ,double,both,2.363205909729004
166,1702052888.1022358,-381181,-540217,-381181,-540217,57.624181136424575,276.2648895261094,58.922143729102096,282.4876502700086,zSophia,CMJ,double,both,2.377196788787842
167,1702052888.1167,-381505,-539860,-381505,-539860,57.66307840681262,276.4513728720711,58.8777191395318,282.27466755879533,zSophia,CMJ,double,both,2.3916609287261963
168,1702052888.1310132,-382797,-539488,-382797,-539488,57.818187275150166,277.19500399238746,58.83142797056779,282.0527359941697,zSophia,CMJ,double,both,2.4059741497039795
169,1702052888.145789,-383017,-538090,-383017,-538090,57.84459900195687,277.3216284865589,58.657462771074,281.21870285614114,zSophia,CMJ,double,both,2.42074990272522
170,1702052888.159838,-383290,-536882,-383290,-536882,57.87737355385792,277.47875797250816,58.50714091056721,280.4980218613353,zSophia,CMJ,double,both,2.4347989559173584
171,1702052888.173973,-383586,-536580,-383586,-536580,57.91290933174329,277.64912547375707,58.469560445440514,280.3178516126339,zSophia,CMJ,double,both,2.4489340782165527
172,1702052888.188461,-383984,-537294,-383984,-537294,57.96069054660269,277.878200695031,58.55840962458112,280.7438170350605,zSophia,CMJ,double,both,2.4634220600128174
173,1702052888.202925,-384321,-539390,-384321,-539390,58.00114850993841,278.07216639746645,58.81923298519555,281.99427015187587,zSophia,CMJ,double,both,2.4778859615325928
174,1702052888.2171772,-384000,-539536,-384000,-539536,57.96261139946136,277.88740974915254,58.83740102462766,282.08137232508915,zSophia,CMJ,double,both,2.492138147354126
175,1702052888.231401,-383657,-539428,-383657,-539428,57.92143311630364,277.6899906514215,58.82396165299294,282.0169405805204,zSophia,CMJ,double,both,2.506361961364746
176,1702052888.2457778,-383521,-538523,-383521,-538523,57.90510586700495,277.6117136913882,58.7113446962391,281.47702642464355,zSophia,CMJ,double,both,2.5207388401031494
177,1702052888.260074,-383346,-537745,-383346,-537745,57.88409653886325,277.5109896619336,58.61453144501867,281.0128792276577,zSophia,CMJ,double,both,2.5350348949432373
178,1702052888.274731,-383309,-537556,-383309,-537556,57.87965456662758,277.48969372427746,58.59101254465792,280.90012367466244,zSophia,CMJ,double,both,2.549691915512085
179,1702052888.288821,-383311,-537589,-383311,-537589,57.87989467323492,277.4908448560427,58.59511901932408,280.9198111521696,zSophia,CMJ,double,both,2.563781976699829
180,1702052888.303124,-383512,-538120,-383512,-538120,57.90402538727195,277.60653359844486,58.66119592986142,281.2366005629658,zSophia,CMJ,double,both,2.578084945678711
181,1702052888.3174698,-383339,-538233,-383339,-538233,57.88325616573759,277.5069607007554,58.675257494627374,281.30401525867194,zSophia,CMJ,double,both,2.592430830001831
182,1702052888.331746,-383384,-538319,-383384,-538319,57.8886585644026,277.53286116547235,58.68595921648464,281.35532201823594,zSophia,CMJ,double,both,2.606707096099853
183,1702052888.346068,-382759,-538865,-382759,-538865,57.81362524961083,277.17313248884875,58.753902706415694,281.68106028244455,zSophia,CMJ,double,both,2.6210289001464844
184,1702052888.3604338,-382122,-539541,-382122,-539541,57.73715129517506,276.806497021634,58.838023217758895,282.0843552762266,zSophia,CMJ,double,both,2.635394811630249
185,1702052888.374724,-381665,-540643,-381665,-540643,57.68228693539932,276.5434634132868,58.975154583883466,282.7417977069186,zSophia,CMJ,double,both,2.6496851444244385
186,1702052888.38924,-381441,-541849,-381441,-541849,57.65539499537795,276.4145366555848,59.12522756713776,283.46128552126936,zSophia,CMJ,double,both,2.664201021194458
187,1702052888.4035032,-379826,-543008,-379826,-543008,57.46150890995602,275.4849977551894,59.269451934958425,284.15273359492824,zSophia,CMJ,double,both,2.67846417427063
188,1702052888.417996,-379323,-543011,-379323,-543011,57.40112209821161,275.1954881162428,59.26982525083717,284.1545233656107,zSophia,CMJ,double,both,2.692956924438477
189,1702052888.432051,-379349,-543183,-379349,-543183,57.40424348410694,275.2104528291903,59.29122869455171,284.2571368847387,zSophia,CMJ,double,both,2.7070119380950928
190,1702052888.4463842,-379716,-543811,-379716,-543811,57.44830304655267,275.4216855081037,59.36937615183504,284.6317955476013,zSophia,CMJ,double,both,2.7213451862335205
191,1702052888.460754,-379339,-542731,-379339,-542731,57.40304295107028,275.2046971703643,59.23498243548792,283.987478101914,zSophia,CMJ,double,both,2.735714912414551
192,1702052888.475086,-378795,-541165,-378795,-542158,57.33773395387552,274.8915893302311,59.16367910264819,283.64563190156326,zSophia,CMJ,double,both,2.750046968460083
193,1702052888.488192,-377934,-101,-377934,-541586,57.23436805941838,274.39602710531443,59.09250020843471,283.30438229144,zSophia,CMJ,double,both,2.763153076171875
194,1702052888.50262,-376747,-539631,-376747,-541014,57.091864787965854,273.7128304026708,59.021321314221225,282.9631326813167,zSophia,CMJ,double,both,2.777580976486206
195,1702052888.5171578,-376855,-540442,-376855,-540442,57.104830544761874,273.7749915179914,58.95014242000775,282.62188307119345,zSophia,CMJ,double,both,2.792118787765503
196,1702052888.531212,-377524,-541440,-377524,-541440,57.18514620491498,274.1600450934493,59.0743321690026,283.2172801182267,zSophia,CMJ,double,both,2.806173086166382
197,1702052888.545614,-378283,-541964,-378283,-541964,57.27626666239811,274.59689959834105,59.139538009156205,283.52989339743056,zSophia,CMJ,double,both,2.820574998855591
198,1702052888.5600278,-378743,-542358,-378743,-542358,57.33149118208485,274.861659904336,59.18856682789765,283.76494994706087,zSophia,CMJ,double,both,2.834988832473755
199,1702052888.574305,-379076,-542606,-379076,-542606,57.3714689322059,275.05332334324106,59.219427607207,283.912904323478,zSophia,CMJ,double,both,2.8492660522460938
200,1702052888.5888472,-379049,-542580,-379049,-542580,57.36822749300689,275.0377830644109,59.21619220292457,283.8973929775633,zSophia,CMJ,double,both,2.8638081550598145
201,1702052888.603081,-379048,-541878,-379048,-541878,57.36810743970323,275.03720749852835,59.12883628729893,283.47858663786656,zSophia,CMJ,double,both,2.878041982650757
202,1702052888.617589,-379338,-541681,-379338,-541681,57.40292289776661,275.2041216044817,59.10432187792821,283.36105836305137,zSophia,CMJ,double,both,2.892549991607666
203,1702052888.63165,-379351,-542122,-379351,-542122,57.40448359071428,275.2116039609555,59.15919931210328,283.6241546533737,zSophia,CMJ,double,both,2.90661096572876
204,1702052888.646091,-379285,-542163,-379285,-542163,57.396560072672266,275.173616612704,59.164301295779424,283.6486148527007,zSophia,CMJ,double,both,2.9210519790649414
205,1702052888.660355,-378814,-541945,-378814,-541945,57.34001496664519,274.90252508200047,59.1371736752575,283.51855818310827,zSophia,CMJ,double,both,2.9353160858154297
206,1702052888.674832,-378994,-541529,-378994,-541529,57.36162456130522,275.00612694086806,59.08540720673861,283.2703766484732,zSophia,CMJ,double,both,2.949792861938477
207,1702052888.689252,-379461,-541049,-379461,-541049,57.41768945411763,275.27491620804125,59.02567666613989,282.9840133392788,zSophia,CMJ,double,both,2.9642131328582764
208,1702052888.703532,-380261,-540664,-380261,-540664,57.51373209705109,275.7353689141195,58.97776779503466,282.7543261016958,zSophia,CMJ,double,both,2.9784929752349854
209,1702052888.717977,-381136,-540743,-381136,-540743,57.61877873775956,276.2389890613925,58.9875984465082,282.80145672966745,zSophia,CMJ,double,both,2.992938041687012
210,1702052888.732119,-380642,-540963,-380642,-540963,57.55947240574815,275.9546595153892,59.01497494428261,282.9327065797148,zSophia,CMJ,double,both,3.007080078125
211,1702052888.746549,-380364,-540510,-380364,-540510,57.52609758732877,275.79465220002703,58.95860424659256,282.66245120666264,zSophia,CMJ,double,both,3.021509885787964
212,1702052888.76076,-380501,-539977,-380501,-539977,57.54254488993113,275.8735047259429,58.892278458802735,282.3444686154114,zSophia,CMJ,double,both,3.035721063613892
213,1702052888.775103,-381267,-539828,-381267,-539828,57.63450572053992,276.3143881920128,58.87373710349189,282.2555766715157,zSophia,CMJ,double,both,3.0500640869140625
214,1702052888.789459,-381878,-539293,-381878,-539293,57.70785828908035,276.66605894628003,58.80716243844955,281.9364008998095,zSophia,CMJ,double,both,3.064419984817505
215,1702052888.8038368,-382347,-538686,-382347,-538686,57.76416328850009,276.9359993452184,58.731628192317416,281.5742706317241,zSophia,CMJ,double,both,3.0787978172302246
216,1702052888.818283,-382132,-538517,-382132,-538517,57.73835182821173,276.8122526804599,58.710598064481616,281.4734468832786,zSophia,CMJ,double,both,3.0932440757751465
217,1702052888.8325188,-382211,-538415,-382211,-538415,57.7478360392014,276.8577223851851,58.69790532460439,281.4125946800748,zSophia,CMJ,double,both,3.1074798107147217
218,1702052888.846833,-382331,-538262,-382331,-538262,57.76224243564143,276.9267902910969,58.67886621478854,281.3213163752691,zSophia,CMJ,double,both,3.1217939853668213
219,1702052888.861037,-382768,-538422,-382768,-538422,57.81470572934383,277.1783125817921,58.69877639498812,281.4167708116672,zSophia,CMJ,double,both,3.135998010635376
220,1702052888.875618,-383499,-538532,-383499,-538532,57.90246469432428,277.5990512419711,58.71246464387533,281.48239573669093,zSophia,CMJ,double,both,3.1505789756774902
221,1702052888.889758,-383760,-538802,-383760,-538802,57.93379860658132,277.74927393732906,58.74606307296211,281.6434750981128,zSophia,CMJ,double,both,3.1647188663482666
222,1702052888.904124,-383893,-539444,-383893,-539444,57.949765695969006,277.8258241997146,58.8259526710129,282.0264860241602,zSophia,CMJ,double,both,3.1790850162506104
223,1702052888.918537,-383371,-539651,-383371,-539651,57.88709787145493,277.52537880899854,58.8517114666461,282.1499802012503,zSophia,CMJ,double,both,3.193497896194458
224,1702052888.9327989,-382863,-539430,-382863,-539430,57.82611079319218,277.2329913406389,58.82421053024544,282.01813376097533,zSophia,CMJ,double,both,3.2077598571777344
225,1702052888.947124,-383154,-540080,-383154,-540080,57.86104630455922,277.40048101247487,58.90509563730621,282.4059174088427,zSophia,CMJ,double,both,3.2220849990844727
226,1702052888.961458,-383329,-539770,-383329,-539770,57.88205563270092,277.50120504192944,58.866519663169534,282.2209744383214,zSophia,CMJ,double,both,3.2364189624786377
227,1702052888.9758022,-382567,-538706,-382567,-538706,57.79057501530679,277.0626238393899,58.73411696484237,281.5862024362739,zSophia,CMJ,double,both,3.250763177871704
228,1702052888.9902358,-381885,-536774,-381885,-536774,57.70869866220602,276.67008790745825,58.4937015389325,280.4335901167666,zSophia,CMJ,double,both,3.2651968002319336
229,1702052889.004875,-381487,-536943,-381487,-536943,57.66091744734662,276.4410126861843,58.5147316667683,280.5344138652121,zSophia,CMJ,double,both,3.2798359394073486
230,1702052889.018986,-381403,-537633,-381403,-537633,57.65083296983861,276.39266515204616,58.60059431887897,280.946061122179,zSophia,CMJ,double,both,3.2939469814300537
231,1702052889.0331972,-381797,-538504,-381797,-538504,57.69813397148334,276.61943810978966,58.7089803623404,281.46569121032127,zSophia,CMJ,double,both,3.308158159255981
232,1702052889.047596,-381700,-539500,-381700,-539500,57.68648880102766,276.5636082191777,58.832921234082754,282.0598950768995,zSophia,CMJ,double,both,3.322556972503662
233,1702052889.061887,-381269,-539911,-381269,-539911,57.634745827147256,276.315539323778,58.88406550947041,282.3050936603972,zSophia,CMJ,double,both,3.336848020553589
234,1702052889.076374,-381108,-540906,-381108,-540906,57.61541724525689,276.2228732166798,59.00788194258652,282.898700936748,zSophia,CMJ,double,both,3.351335048675537
235,1702052889.090697,-380833,-543833,-380833,-543833,57.58240258674852,276.06459259896536,59.372113801612485,284.6449205326061,zSophia,CMJ,double,both,3.3656580448150635
236,1702052889.104917,-380229,-544713,-380229,-544713,57.50989039133376,275.7169508058764,59.48161979271015,285.1699199327957,zSophia,CMJ,double,both,3.379878044128418
237,1702052889.11937,-379433,-544599,-379433,-544599,57.41432796161496,275.2588003633285,59.46743378931795,285.10190864686206,zSophia,CMJ,double,both,3.3943309783935547
238,1702052889.133599,-378245,-544498,-378245,-544498,57.271704636858765,274.57502809480235,59.45486548806696,285.0416530338857,zSophia,CMJ,double,both,3.408560037612915
239,1702052889.1479292,-379517,-546151,-379517,-546151,57.42441243912297,275.3071478974667,59.660562537253824,286.0278166799238,zSophia,CMJ,double,both,3.4228901863098145
240,1702052889.162362,-381083,-547273,-381083,-547273,57.61241591266522,276.2084840696148,59.800182675903336,286.69719091516555,zSophia,CMJ,double,both,3.437323093414306
241,1702052889.176734,-381323,-548173,-381323,-548173,57.64122870554526,276.3466198814383,59.91217743952595,287.234122119905,zSophia,CMJ,double,both,3.451694965362549
242,1702052889.1910882,-375059,-555900,-375059,-555900,56.88921481137625,272.74127519284576,60.873714704539154,291.84397480770656,zSophia,CMJ,double,both,3.466049194335937
243,1702052889.205464,-367782,-558146,-367782,-558146,56.015586920592746,268.5528822651817,61.15320385909069,293.1839164586451,zSophia,CMJ,double,both,3.4804251194000244
244,1702052889.2197802,-360023,-554329,-360023,-554329,55.08409333744182,264.08706658210554,60.67822162270458,290.90673156032256,zSophia,CMJ,double,both,3.494741201400757
245,1702052889.2340631,-355507,-544044,-355507,-544044,54.54193261808243,261.48781105629394,59.39837035175067,284.77080107060607,zSophia,CMJ,double,both,3.509024143218994
246,1702052889.248538,-360034,-512909,-360034,-512909,55.08541392378216,264.0933978068141,55.52397372353969,266.19596433776,zSophia,CMJ,double,both,3.523499011993408
247,1702052889.262783,-359816,-488061,-359816,-488061,55.05924230358279,263.9679244444078,52.431922738545744,251.37189036513237,zSophia,CMJ,double,both,3.5377440452575684
248,1702052889.277274,-343727,-450134,-343727,-450134,53.12770470088719,254.70764495929205,47.712338960862816,228.74501280718613,zSophia,CMJ,double,both,3.5522351264953613
249,1702052889.291517,-227838,-324504,-227838,-324504,39.21484739224216,188.0058903909176,32.07911434540927,153.7953825278394,zSophia,CMJ,double,both,3.5664780139923096
250,1702052889.305879,-140864,-259341,-140864,-259341,28.77333135912345,137.946623317858,23.970320143253748,114.91977353402368,zSophia,CMJ,double,both,3.5808401107788086
251,1702052889.319794,-64668,-209023,-64668,-209023,19.625749832925816,94.09080532743734,17.70881734774001,84.9005464672708,zSophia,CMJ,double,both,3.594754934310913
252,1702052889.333932,-7698,-170968,-7698,-170968,12.786313123026623,61.30081699584166,12.97330542589742,62.19730536020609,zSophia,CMJ,double,both,3.6088929176330566
253,1702052889.348202,53132,-129682,53132,-129682,5.483470660973473,26.28914435741852,7.835732302649672,37.56648122812691,zSophia,CMJ,double,both,3.6231629848480233
254,1702052889.3623722,63264,-129445,63264,-129445,4.267090588221171,20.457510834937786,7.806240348229052,37.4250893442122,zSophia,CMJ,double,both,3.6373331546783447
255,1702052889.3766668,68737,-138404,68737,-138404,3.6100388572526207,17.307438759480114,8.921086000778987,42.76994119227928,zSophia,CMJ,double,both,3.651627779006958
256,1702052889.390759,72224,-166845,72224,-166845,3.191412987366391,15.300440526861644,12.46024496987963,59.7375638522721,zSophia,CMJ,double,both,3.665719985961914
257,1702052889.404874,70796,-177692,70796,-177692,3.362849105002621,16.12234860721128,13.810030748784548,66.20877804983697,zSophia,CMJ,double,both,3.679835081100464
258,1702052889.4190762,57638,-184490,57638,-184490,4.942510474650746,23.695644490432908,14.655964530013977,70.26439841630197,zSophia,CMJ,double,both,3.6940371990203857
259,1702052889.433372,33869,-192853,33869,-192853,7.796057449507582,37.37626995389961,15.696644761320494,75.25368248878607,zSophia,CMJ,double,both,3.7083330154418954
260,1702052889.4475,3917,-227025,3917,-227025,11.391894000936416,54.6156192694684,19.948961497444653,95.64036374251396,zSophia,CMJ,double,both,3.722460985183716
261,1702052889.4617422,-85359,-263366,-85359,-263366,22.10977273909616,105.99983900426808,24.471185613899294,117.32104919966385,zSophia,CMJ,double,both,3.736703157424927
262,1702052889.4762251,-156258,-322603,-156258,-322603,30.6214319157706,146.80688451456828,31.84255651691308,152.66126450538428,zSophia,CMJ,double,both,3.7511861324310303
263,1702052889.4903748,-259062,-404916,-259062,-404916,42.9633917459352,205.9773595091508,42.08547315921052,201.7683959006232,zSophia,CMJ,double,both,3.76533579826355
264,1702052889.504769,-377294,-637458,-377294,-637458,57.15753394507161,274.0276649404518,71.02268018401985,340.50068058119183,zSophia,CMJ,double,both,3.779730081558228
265,1702052889.519048,-635775,-788944,-635775,-788944,88.18903193017701,422.80050984020943,89.87338991972466,430.8757477824743,zSophia,CMJ,double,both,3.79400897026062
266,1702052889.5334358,-749379,-931374,-749379,-931374,101.82756743994334,488.1870963668479,107.59718345613354,515.8480938836233,zSophia,CMJ,double,both,3.808396816253662
267,1702052889.547693,-853117,-1161227,-853117,-1161227,114.28165705573277,547.8951498957767,136.19977501496373,652.976147442476,zSophia,CMJ,double,both,3.822654008865357
268,1702052889.562207,-1048537,-1253349,-1048537,-1253349,137.7424736583043,660.3722346730356,147.66331014212136,707.935232379147,zSophia,CMJ,double,both,3.837167978286743
269,1702052889.576764,-1128085,-1313686,-1128085,-1281684,147.29247385839312,706.1573495019238,151.18927861683977,724.839616475026,zSophia,CMJ,double,both,3.851724863052368
270,1702052889.589634,-1187440,-101,-1187440,-1310020,154.4182376975377,740.3200624635153,154.71537153018446,741.7445971611327,zSophia,CMJ,double,both,3.8645949363708496
271,1702052889.604392,-1227535,-1386601,-1227535,-1338355,159.23177490805918,763.3973765262734,158.2413400049029,758.6489812570118,zSophia,CMJ,double,both,3.879353046417236
272,1702052889.6188438,-1254783,-1366691,-1254783,-1366691,162.50298732637293,779.0803956952979,161.76743291824755,775.5539619431182,zSophia,CMJ,double,both,3.8938047885894775
273,1702052889.6333508,-1237310,-1331582,-1237310,-1331582,160.40529595140242,769.0235330286667,157.39851718932965,754.608275646234,zSophia,CMJ,double,both,3.9083118438720703
274,1702052889.647882,-1199563,-1240610,-1199563,-1240610,155.87364389789067,747.2976476582483,146.07808648235647,700.3352694711743,zSophia,CMJ,double,both,3.922842979431152
275,1702052889.662337,-1149319,-1186748,-1149319,-1186748,149.84168570845455,718.3789154530052,139.37557319542216,668.2017266382032,zSophia,CMJ,double,both,3.937298059463501
276,1702052889.676938,-1037909,-1128238,-1037909,-1128238,136.46654714693324,654.2551204727862,132.0946691736902,633.2952324278667,zSophia,CMJ,double,both,3.95189905166626
277,1702052889.691,-978670,-1069936,-978670,-1069936,129.354709491014,620.1591731535761,124.83964838621768,598.5128289848478,zSophia,CMJ,double,both,3.96596097946167
278,1702052889.7052171,-922678,-986298,-922678,-986298,122.63268491210098,587.9320882551611,114.43185056414252,548.6152155381869,zSophia,CMJ,double,both,3.980178117752075
279,1702052889.719676,-849459,-967106,-849459,-967106,113.8425020709195,545.789729897234,112.04362444920356,537.1654558922329,zSophia,CMJ,double,both,3.9946370124816895
280,1702052889.73404,-835335,-965822,-835335,-965822,112.14686920992922,537.660437371423,111.88384525310197,536.399434040138,zSophia,CMJ,double,both,4.009001016616821
281,1702052889.748338,-837169,-1017377,-837169,-1017377,112.36704696885418,538.7160252001073,118.29927862928366,567.1566432182938,zSophia,CMJ,double,both,4.023298978805542
282,1702052889.762403,-856802,-1051251,-856802,-1051251,114.724053479745,550.0161101731495,122.51451265478612,587.3655405842302,zSophia,CMJ,double,both,4.0373640060424805
283,1702052889.776937,-920714,-1080707,-920714,-1080707,122.39690022369932,586.8016768617391,126.1799768295278,604.9387023251236,zSophia,CMJ,double,both,4.051898002624512
284,1702052889.7910342,-950471,-1102227,-950471,-1102227,125.96932638091312,603.9287908302013,128.8578960663706,617.7773240206704,zSophia,CMJ,double,both,4.065995216369629
285,1702052889.805286,-970122,-1065184,-970122,-1065184,128.32849385126997,615.2392359891303,124.24831603429033,595.6778322238238,zSophia,CMJ,double,both,4.080246925354004
286,1702052889.819574,-962420,-948703,-962420,-948703,127.40384330642806,610.8062275613622,109.75358041037371,526.1864059357669,zSophia,CMJ,double,both,4.094535112380981
287,1702052889.833704,-748962,-711597,-748962,-711597,101.77750521231428,487.9470853938047,80.24843549537151,384.7312834569419,zSophia,CMJ,double,both,4.108664989471436
288,1702052889.8480582,-470553,-133110,-470553,-133110,68.35358499173634,327.70436358563853,8.262307913425559,39.611592527956574,zSophia,CMJ,double,both,4.123019218444824
289,1702052889.8622332,-116310,-71279,-116310,-71279,25.825542540888154,123.81417863655206,0.5681432139261748,2.723822172131647,zSophia,CMJ,double,both,4.1371941566467285
290,1702052889.876256,79323,-68451,79323,-68451,2.339154584635579,11.214498326299983,0.2162307788986925,1.0366650087949243,zSophia,CMJ,double,both,4.151216983795166
291,1702052889.890107,96863,-71254,96863,-71254,0.2334196383194141,1.119072745534871,0.5650322482699913,2.708907416444441,zSophia,CMJ,double,both,4.165067911148071
292,1702052889.904159,95290,-70435,95290,-70435,0.4222634849873347,2.024437878861184,0.4631170133734185,2.220300020131578,zSophia,CMJ,double,both,4.179120063781738
293,1702052889.918141,97312,-70158,97312,-70158,0.1795157049730083,0.8606436642484665,0.4286475139029048,2.055044527117338,zSophia,CMJ,double,both,4.19310188293457
294,1702052889.932138,96178,-69991,96178,-69991,0.3156561513311914,1.5133353751143523,0.4078662633195988,1.9554139591268032,zSophia,CMJ,double,both,4.207098960876465
295,1702052889.9460108,96799,-70302,96799,-70302,0.2411030497540911,1.1559089620211291,0.446566676082522,2.1409535198756435,zSophia,CMJ,double,both,4.220971822738648
296,1702052889.960029,96812,-70145,96812,-70145,0.2395423568064224,1.148426605547358,0.4270298117616894,2.0472888541599907,zSophia,CMJ,double,both,4.234989881515503
297,1702052889.974215,97041,-69690,97041,-69690,0.2120501502667187,1.0166220184324657,0.3704102368191489,1.775840300652845,zSophia,CMJ,double,both,4.249176025390625
298,1702052889.988091,96711,-69723,96711,-69723,0.251667740476772,1.206558759689734,0.3745167114853112,1.7955277781599566,zSophia,CMJ,double,both,4.263051986694336
299,1702052890.002174,96997,-69559,96997,-69559,0.2173324956280592,1.041946917266768,0.3541087767807471,1.6976869808518862,zSophia,CMJ,double,both,4.277134895324707
300,1702052890.016011,97234,-69755,97234,-69755,0.1888798626590209,0.9055378030910936,0.3784987475252261,1.81461866543958,zSophia,CMJ,double,both,4.290971994400024
301,1702052890.030077,97229,-69739,97229,-69739,0.1894801291773551,0.9084156325040824,0.3765077295052687,1.8050732217997685,zSophia,CMJ,double,both,4.305037975311279
302,1702052890.04411,97113,-69523,97113,-69523,0.2034063124027071,0.9751812748854252,0.3496289862358429,1.67620973266231,zSophia,CMJ,double,both,4.319071054458618
303,1702052890.058209,97222,-69503,97222,-69503,0.1903205023030229,0.9124445936822668,0.347140213710896,1.6642779281125453,zSophia,CMJ,double,both,4.333169937133789
304,1702052890.0721369,97411,-69630,97411,-69630,0.1676304279099923,0.803662641871286,0.3629439192443084,1.7400448870035508,zSophia,CMJ,double,both,4.347097873687744
305,1702052890.086045,97580,-69567,97580,-69567,0.1473414195902984,0.7063920077122607,0.3551042857907259,1.7024597026717925,zSophia,CMJ,double,both,4.361006021499634
306,1702052890.100139,97624,-69548,97624,-69548,0.142059074228958,0.6810671088779582,0.3527399518920264,1.6911244883495158,zSophia,CMJ,double,both,4.375099897384644
307,1702052890.114107,97475,-69531,97475,-69531,0.1599470164753154,0.7668264253850279,0.3506244952458215,1.6809824544822156,zSophia,CMJ,double,both,4.389067888259888
308,1702052890.128026,97320,-69606,97320,-69606,0.1785552785436737,0.8560391371876843,0.3599573922143722,1.7257267215438334,zSophia,CMJ,double,both,4.402987003326416
309,1702052890.142145,97122,-69612,97122,-69612,0.2023258326697057,0.9700011819420452,0.3607040239718562,1.7293062629087623,zSophia,CMJ,double,both,4.417105913162232
310,1702052890.156032,97140,-69588,97140,-69588,0.2001648732037028,0.9596409960552852,0.35771749694192,1.714988097449045,zSophia,CMJ,double,both,4.43099308013916
311,1702052890.170215,97446,-69407,97446,-69407,0.1634285622816534,0.7835178359803635,0.3351941055911512,1.607005266273675,zSophia,CMJ,double,both,4.445175886154175
312,1702052890.1840792,97451,-69491,97451,-69491,0.1628282957633192,0.7806400065673746,0.3456469501959279,1.6571188453826866,zSophia,CMJ,double,both,4.45904016494751
313,1702052890.198039,97426,-69537,97426,-69537,0.1658296283549899,0.7950291536323192,0.3513711270033056,1.6845619958471452,zSophia,CMJ,double,both,4.4730000495910645
314,1702052890.212081,97415,-69440,97415,-69440,0.167150214695325,0.8013603783408948,0.3393005802573135,1.6266927437807868,zSophia,CMJ,double,both,4.48704195022583
315,1702052890.226172,97433,-69323,97433,-69323,0.1649892552293221,0.7910001924541348,0.3247412609863745,1.5568916871646634,zSophia,CMJ,double,both,4.501132965087891
316,1702052890.240038,97237,-69295,97237,-69295,0.1885197027480204,0.9038111054433002,0.3212569794514489,1.5401871607949928,zSophia,CMJ,double,both,4.514998912811279
317,1702052890.254049,97382,-69305,97382,-69305,0.1711119737163304,0.8203540524666217,0.3225013657139223,1.5461530630698752,zSophia,CMJ,double,both,4.529010057449341
318,1702052890.268054,97629,-69238,97629,-69238,0.1414588077106238,0.6781892794649693,0.3141639777553505,1.5061815178281637,zSophia,CMJ,double,both,4.543015003204346
319,1702052890.282033,97483,-69565,97483,-69565,0.1589865900459807,0.7622218983242456,0.3548554085382312,1.7012665222168155,zSophia,CMJ,double,both,4.5569939613342285
320,1702052890.296034,97545,-69695,97545,-69695,0.1515432852186374,0.726536813603183,0.3710324299503856,1.7788232517902862,zSophia,CMJ,double,both,4.570995092391968
321,1702052890.309952,97555,-69517,97555,-69517,0.1503427521819691,0.7207811547772053,0.3488823544783588,1.6726301912973804,zSophia,CMJ,double,both,4.584913015365601
322,1702052890.323955,97509,-69466,97509,-69466,0.1558652041506432,0.7472571853767033,0.3425359845397444,1.6422040896954806,zSophia,CMJ,double,both,4.598916053771973
323,1702052890.337954,97367,-69615,97367,-69615,0.1729127732713328,0.8289875407055886,0.3610773398505983,1.7310960335912275,zSophia,CMJ,double,both,4.6129150390625
324,1702052890.351918,97096,-69473,97096,-69473,0.2054472185650432,0.9849658948895876,0.3434070549234758,1.6463802212878984,zSophia,CMJ,double,both,4.626878976821899
325,1702052890.366056,97055,-69625,97055,-69625,0.2103694040153831,1.0085640960760969,0.3623217261130717,1.73706193586611,zSophia,CMJ,double,both,4.641016960144043
326,1702052890.37991,97016,-69773,97016,-69773,0.2150514828583895,1.0310111654974103,0.3807386427976783,1.825357289534368,zSophia,CMJ,double,both,4.654870986938477
327,1702052890.393986,73131,-58121,73131,-58121,3.082524640940578,14.778402271345456,-1.0692202302363472,-5.126112041158521,zSophia,CMJ,double,both,4.668946981430054
328,1702052890.408596,-2760312,-208375,-2760312,-208375,343.2467175425889,1645.6115233568553,17.62818111793173,84.51395599985842,zSophia,CMJ,double,both,4.683557033538818
329,1702052890.423281,-1453486,-1484561,-1453486,-1484561,186.35793892488263,893.4470632651252,176.43501379402173,845.8740520571563,zSophia,CMJ,double,both,4.698241949081421
330,1702052890.4373891,-821881,-1072761,-1342508,-1072761,173.0346633905454,829.5719127461883,125.19118750536644,600.1981963775021,zSophia,CMJ,double,both,4.712350130081177
331,1702052890.45009,-101,-850921,-1231530,-850921,159.71138785620818,765.6967622272516,97.58572265865617,467.8506203115125,zSophia,CMJ,double,both,4.725050926208496
332,1702052890.46492,-961129,-940553,-1120552,-940553,146.38811232187092,701.8216117083149,108.73940560645788,521.3241955817377,zSophia,CMJ,double,both,4.739881038665772
333,1702052890.479306,-1009575,-1159696,-1009575,-1159696,133.06495684083734,637.9470367552607,136.00925947817908,652.0627678041916,zSophia,CMJ,double,both,4.754266977310181
334,1702052890.493545,-964113,-1104129,-964113,-1104129,127.607093549536,611.7806606006003,129.09457833349305,618.912038633353,zSophia,CMJ,double,both,4.768506050109863
335,1702052890.507731,-900408,-1131352,-900408,-1131352,119.95909783944072,575.1142360497084,132.4821710558244,635.153014396265,zSophia,CMJ,double,both,4.782691955566406
336,1702052890.521975,-740378,-1142499,-740378,-1142499,100.74696765363822,483.00642785758527,133.86928842260352,641.8032056620764,zSophia,CMJ,double,both,4.79693603515625
337,1702052890.538202,-720415,-1071035,-720415,-1071035,98.35034355253734,471.5164061432858,124.97640643646352,599.1684816448574,zSophia,CMJ,double,both,4.8131630420684814
338,1702052890.550516,-750151,-997237,-750151,-997237,101.92024859037411,488.6314332282134,115.7930846966622,555.1413160366808,zSophia,CMJ,double,both,4.825476884841919
339,1702052890.564978,-800378,-979856,-800378,-979856,107.9501658736479,517.5403808134522,113.63021693385716,544.7719812927078,zSophia,CMJ,double,both,4.8399388790130615
340,1702052890.579115,-812658,-962414,-812658,-962414,109.42442044267656,524.608329851753,111.45975841485102,534.3662545448581,zSophia,CMJ,double,both,4.854075908660889
341,1702052890.593504,-806191,-972959,-806191,-972959,108.64803572786316,520.8861452889931,112.77196372862925,540.6572984937214,zSophia,CMJ,double,both,4.868464946746826
342,1702052890.60783,-776528,-965727,-776528,-965727,105.08689458119406,503.81313451349513,111.87202358360848,536.3427579685266,zSophia,CMJ,double,both,4.882791042327881
343,1702052890.622251,-756066,-944242,-756066,-944242,102.63036388156344,492.03590542377935,109.19845969868432,523.5250169309419,zSophia,CMJ,double,both,4.897212028503418
344,1702052890.6364312,-765242,-929337,-765242,-929337,103.73197299601024,497.3172979624966,107.34370197446768,514.6328395902298,zSophia,CMJ,double,both,4.911392211914063
345,1702052890.650699,-774904,-902164,-774904,-902164,104.89192801603912,502.8784155201564,103.96233118344868,498.421693338692,zSophia,CMJ,double,both,4.925659894943237
346,1702052890.6651351,-785547,-890186,-785547,-890186,106.16965532696518,509.00416320864457,102.47180531825802,491.275735593838,zSophia,CMJ,double,both,4.940096139907837
347,1702052890.679626,-788903,-874787,-788903,-874787,106.57255421407106,510.9357623106428,100.5555749126752,482.0888426807467,zSophia,CMJ,double,both,4.954586982727051
348,1702052890.693859,-776635,-838825,-776635,-838825,105.0997402846864,503.8747200629331,96.0805130355683,460.6342649198148,zSophia,CMJ,double,both,4.968820095062256
349,1702052890.708111,-754427,-815915,-754427,-815915,102.43359651685348,491.0925529422015,93.22962410824172,446.96638280805945,zSophia,CMJ,double,both,4.98307204246521
350,1702052890.722357,-703432,-791840,-703432,-791840,96.3114782963636,461.7415707591276,90.23376418133697,432.6034730812802,zSophia,CMJ,double,both,4.997318029403687
351,1702052890.736803,-685846,-770436,-685846,-770436,94.20022089807875,451.619669147763,87.57027982513885,419.8340558521221,zSophia,CMJ,double,both,5.011764049530029
352,1702052890.750996,-669658,-733302,-669658,-733302,92.25679801832014,442.3024086402701,82.94937587807007,397.68027434457406,zSophia,CMJ,double,both,5.025956869125366
353,1702052890.765546,-652646,-718643,-652646,-718643,90.21445121634008,432.5108818455166,81.12523005591028,388.934858199824,zSophia,CMJ,double,both,5.040507078170776
354,1702052890.779923,-620586,-706102,-620586,-706102,86.36554230078156,414.0582396494317,79.56464524414237,381.45302015689407,zSophia,CMJ,double,both,5.05488395690918
355,1702052890.794265,-608894,-678250,-608894,-678250,84.961879074309,407.3287233500984,76.09878062590141,364.8367891408918,zSophia,CMJ,double,both,5.069226026535034
356,1702052890.808461,-597493,-658898,-597493,-658898,83.59315135920349,400.76669672260107,73.69064433076285,353.29157505853954,zSophia,CMJ,double,both,5.083421945571899
357,1702052890.8228211,-582830,-637354,-582830,-637354,81.83280976753679,392.3271741860697,71.00973856689012,340.4386351975331,zSophia,CMJ,double,both,5.097782135009766
358,1702052890.837138,-546485,-593693,-546485,-593693,77.46947244576593,371.40823218305337,65.57662370630494,314.3909092751693,zSophia,CMJ,double,both,5.112098932266235
359,1702052890.8514292,-522412,-572859,-522412,-572859,74.57942926659437,357.5526346912769,62.98406936706783,301.9615484756795,zSophia,CMJ,double,both,5.126390218734741
360,1702052890.865932,-494661,-554244,-494661,-554244,71.24783003653623,341.58010588330586,60.66764433947356,290.8560213909861,zSophia,CMJ,double,both,5.14089298248291
361,1702052890.880223,-442596,-540415,-442596,-540415,64.99725478112282,311.61326820585225,58.94678257709907,282.60577513505126,zSophia,CMJ,double,both,5.155184030532837
362,1702052890.894708,-411729,-514810,-411729,-514810,61.29156945683884,293.8472761077065,55.760531552035886,267.33008236021504,zSophia,CMJ,double,both,5.169668912887573
363,1702052890.908919,-377291,-492959,-377291,-492959,57.15717378516061,274.02593824280405,53.041423129905226,254.2939892993697,zSophia,CMJ,double,both,5.183880090713501
364,1702052890.923197,-335154,-463585,-335154,-463585,52.09848772855148,249.77331864778125,49.38616292251581,236.76974795713036,zSophia,CMJ,double,both,5.198158025741577
365,1702052890.937535,-257715,-407454,-257715,-407454,42.80167994589598,205.20207226529155,42.40129839262627,203.28254189798835,zSophia,CMJ,double,both,5.212496042251587
366,1702052890.951968,-221665,-387973,-221665,-387973,38.47375834870682,184.45292219764147,39.97710951470181,191.6603676762901,zSophia,CMJ,double,both,5.226928949356079
367,1702052890.966197,-197435,-368265,-197435,-368265,35.56486680085958,170.5069608622972,37.5246730686192,179.902767472952,zSophia,CMJ,double,both,5.24115800857544
368,1702052890.9806552,-174919,-337021,-174919,-337021,32.86174661549728,157.5475194497255,33.63671263014725,161.26290240530963,zSophia,CMJ,double,both,5.255616188049316
369,1702052890.99509,-101072,-286062,-101072,-286062,23.996170299613027,115.04370571752705,27.29544467520897,130.86126100273677,zSophia,CMJ,double,both,5.270051002502441
370,1702052891.008946,-83600,-275388,-83600,-275388,21.898598977946207,104.98741861677856,25.96718677864484,124.49325691452736,zSophia,CMJ,double,both,5.283906936645508
371,1702052891.024501,-77806,-267012,-77806,-267012,21.203010136500605,101.65258989300702,24.924888845197103,119.49621716908592,zSophia,CMJ,double,both,5.299462080001831
372,1702052891.0371,-68767,-228002,-68767,-228002,20.117848324656148,96.45004988020564,20.07053803528831,96.22323239476997,zSophia,CMJ,double,both,5.312061071395874
373,1702052891.05173,-44246,-216358,-44246,-216358,17.174021265441855,82.33659887302542,18.62157467126426,89.27653578589698,zSophia,CMJ,double,both,5.326690912246704
374,1702052891.065282,-40167,-220890,-40167,-220890,16.684323839784863,79.98886563790906,19.185530525417214,91.98028269687366,zSophia,CMJ,double,both,5.340243101119995
375,1702052891.079367,-39104,-238749,-39104,-238749,16.556707177987025,79.37703910470762,21.40787995156849,102.634787569586,zSophia,CMJ,double,both,5.354327917098999
376,1702052891.093994,-2102728,-267733,-74057,-267733,20.752930301053667,99.49479339914792,25.01460909472144,119.92635872310494,zSophia,CMJ,double,both,5.36895489692688
377,1702052891.106708,-101,-290335,-109011,-290335,24.949273477423976,119.61312325947084,27.827170925163852,133.410491044794,zSophia,CMJ,double,both,5.381669044494629
378,1702052891.121208,-102713,-330291,-143964,-330291,29.145496600490617,139.73087755391114,32.799240675502645,157.24785017431384,zSophia,CMJ,double,both,5.396168947219849
379,1702052891.135697,-178918,-393155,-178918,-393155,33.34183977686092,159.84920741423403,40.62195047591553,194.7518982351341,zSophia,CMJ,double,both,5.41065788269043
380,1702052891.149912,-271446,-539320,-271446,-539320,44.45013185854519,213.10516739924168,58.81052228135823,281.9525088359517,zSophia,CMJ,double,both,5.424873113632202
381,1702052891.164415,-441317,-593374,-441317,-593374,64.84370660573295,310.8771194420097,65.53692778453204,314.2005969926006,zSophia,CMJ,double,both,5.439375877380371
382,1702052891.178669,-497581,-623102,-497581,-623102,71.59838568324336,343.2607582604914,69.23623926561301,331.93603127537074,zSophia,CMJ,double,both,5.453629970550537
383,1702052891.193118,-522538,-632829,-522538,-632829,74.59455598285639,357.6251559924842,70.44665378312091,337.7390644181488,zSophia,CMJ,double,both,5.468078851699829
384,1702052891.207417,-511293,-620490,-511293,-620490,73.24455658312291,351.1529176426722,68.91120557385496,330.37773760117153,zSophia,CMJ,double,both,5.482378005981445
385,1702052891.2217789,-485944,-601532,-485944,-601532,70.20132538847248,336.562898084701,66.55209809745786,319.0675800684496,zSophia,CMJ,double,both,5.496739864349365
386,1702052891.236128,-456593,-580285,-456593,-580285,66.67764087254741,319.66946386457346,63.90815060558058,306.3918275050071,zSophia,CMJ,double,both,5.511089086532593
387,1702052891.250371,-428687,-529382,-428687,-529382,63.32743338042091,303.6077223447997,57.57385121371215,276.0235951551736,zSophia,CMJ,double,both,5.525331974029541
388,1702052891.2648342,-397422,-504513,-397422,-504513,59.573966841277525,285.61265502538,54.47918701756701,261.1869927877687,zSophia,CMJ,double,both,5.539795160293579
389,1702052891.279048,-399928,-484979,-399928,-484979,59.8748204202666,287.05502312717005,52.04840289245144,249.5331992840136,zSophia,CMJ,double,both,5.554008960723877
390,1702052891.293614,-402032,-471945,-402032,-471945,60.1274125711816,288.26601374415577,50.42646983794359,241.757242258932,zSophia,CMJ,double,both,5.568575143814087
391,1702052891.307893,-400541,-473466,-400541,-473466,59.94841309541437,287.4078450132025,50.61574098846579,242.6646559949416,zSophia,CMJ,double,both,5.58285403251648
392,1702052891.322211,-399476,-478444,-399476,-478444,59.82055632700919,286.79486734823587,51.23519646992506,245.634482147378,zSophia,CMJ,double,both,5.597172021865845
393,1702052891.336448,-403058,-483981,-403058,-483981,60.25058726074377,288.85654433970114,51.92421314345659,248.93780223698036,zSophia,CMJ,double,both,5.611408948898315
394,1702052891.3507662,-407710,-490903,-407710,-490903,60.809075229401856,291.534076825546,52.785577314340685,253.06739979165388,zSophia,CMJ,double,both,5.62572717666626
395,1702052891.365136,-418204,-494298,-418204,-494298,62.06891459808155,297.57406519752715,53.20804645045041,255.09282361397644,zSophia,CMJ,double,both,5.64009690284729
396,1702052891.379536,-425608,-499126,-425608,-499126,62.95778925843075,301.8355549922812,53.80883613797258,257.9731612322896,zSophia,CMJ,double,both,5.654496908187866
397,1702052891.3939378,-432856,-510603,-432856,-510603,63.82793560340792,306.0072565093499,55.23701825141332,264.82022727317207,zSophia,CMJ,double,both,5.668898820877075
398,1702052891.408012,-437995,-515579,-437995,-515579,64.44488953095176,308.96508958001994,55.85622485562009,267.7888602451535,zSophia,CMJ,double,both,5.68297290802002
399,1702052891.422627,-443667,-518388,-443667,-518388,65.12583186935,312.2296992661145,56.20577295674887,269.46468219416795,zSophia,CMJ,double,both,5.697587966918945
400,1702052891.4368691,-443803,-519537,-443803,-519537,65.14215911864869,312.30797622614784,56.34875293830707,270.150164365552,zSophia,CMJ,double,both,5.711830139160156
401,1702052891.451125,-444071,-518972,-444071,-518972,65.1743334040314,312.46222788268403,56.27844511447732,269.8130908870211,zSophia,CMJ,double,both,5.726085901260376
402,1702052891.465398,-441569,-517263,-441569,-517263,64.873960038257,311.0221620444244,56.06577950222061,268.7935181882437,zSophia,CMJ,double,both,5.74035906791687
403,1702052891.480049,-424502,-517334,-424502,-517334,62.82501030457523,301.19897912612794,56.074614644684175,268.83587609439536,zSophia,CMJ,double,both,5.755009889602661
404,1702052891.494118,-413777,-517308,-413777,-517308,61.5374386227485,295.0260350352668,56.07137924040175,268.8203647484807,zSophia,CMJ,double,both,5.769078969955444
405,1702052891.508364,-403329,-515988,-403329,-515988,60.28312170603748,289.0125226938851,55.90712025375525,268.0328656481962,zSophia,CMJ,double,both,5.783324956893921
406,1702052891.522736,-389606,-514719,-389606,-514719,58.6356302198176,281.11403208699573,55.74920763704738,267.2757926495136,zSophia,CMJ,double,both,5.797697067260742
407,1702052891.537038,-390181,-515745,-390181,-515745,58.70466086942602,281.44498246948945,55.87688166757715,267.8878942229166,zSophia,CMJ,double,both,5.811999082565308
408,1702052891.551536,-393771,-521635,-393771,-521635,59.13565222958994,283.5112639880155,56.60982517617399,271.40181066282224,zSophia,CMJ,double,both,5.826497077941895
409,1702052891.5658329,-396762,-524138,-396762,-524138,59.49473166085742,285.23278154286544,56.92129505767109,272.8950760022253,zSophia,CMJ,double,both,5.84079384803772
