,Timestamp,s1,s2,s1_clean,s2_clean,l_force_lbs,l_force_N,r_force_lbs,r_force_N,athletes_name,protocol_name,protocol_type,leg,elapsed_time_sec
0,1702049345.7122948,-940337,-1051422,-940337,-1051422,128.16529551839906,614.4568219311382,127.60519899956161,611.7715776491542,Max Werner,CMJ,double,both,0.0
1,1702049345.72659,-939321,-1052478,-939321,-1052478,128.03977651192648,613.8550520877719,127.73842257483577,612.4102851427715,Max Werner,CMJ,double,both,0.014295101165771484
2,1702049345.740884,-936760,-1052570,-936760,-1052570,127.72338460683169,612.3381893231448,127.75002917419677,612.4659301138063,Max Werner,CMJ,double,both,0.028589248657226562
3,1702049345.755164,-936175,-1052569,-936175,-1052569,127.65111234424658,611.9916978286868,127.74990301550807,612.4653252771647,Max Werner,CMJ,double,both,0.04286909103393555
4,1702049345.769676,-935551,-1053030,-935551,-1053030,127.57402193082247,611.622106901265,127.80806217100181,612.7441549689804,Max Werner,CMJ,double,both,0.05738115310668945
5,1702049345.78413,-934979,-1054239,-934979,-1054239,127.50335571851704,611.283315217795,127.96058802564808,613.4754024687752,Max Werner,CMJ,double,both,0.07183527946472168
6,1702049345.798153,-933004,-1055028,-933004,-1055028,127.25935961833656,610.1135362407789,128.06012723103757,613.9526185790629,Max Werner,CMJ,double,both,0.08585810661315918
7,1702049345.8125272,-931918,-1055918,-931918,-1055918,127.1251926488196,609.4703058767083,128.17240846398644,614.4909231901609,Max Werner,CMJ,double,both,0.10023236274719238
8,1702049345.826601,-930574,-1057422,-930574,-1057422,126.95915175836768,608.6742638791843,128.36215113180114,615.400597499252,Max Werner,CMJ,double,both,0.11430621147155762
9,1702049345.840638,-929247,-1058266,-929247,-1058266,126.79521108751224,607.88829086526,128.4686290650695,615.9110796248324,Max Werner,CMJ,double,both,0.1283431053161621
10,1702049345.855188,-926252,-1059273,-926252,-1059273,126.42520181154235,606.1143728722659,128.59567086459705,616.5201501230072,Max Werner,CMJ,double,both,0.14289307594299316
11,1702049345.869334,-925331,-1060570,-925331,-1060570,126.31141932634426,605.568870878427,128.7592986838495,617.3046232472699,Max Werner,CMJ,double,both,0.15703916549682617
12,1702049345.8834949,-924837,-1063094,-924837,-1063094,126.25038941571685,605.2762780608848,129.07772321414492,618.8312309308776,Max Werner,CMJ,double,both,0.17120003700256348
13,1702049345.8976839,-924434,-1063990,-924434,-1063990,126.20060185704712,605.0375839202582,129.19076139922603,619.3731645618255,Max Werner,CMJ,double,both,0.18538904190063477
14,1702049345.911981,-922159,-1065219,-922159,-1065219,125.91954305810505,603.6901169973661,129.34581042764643,620.1165087944539,Max Werner,CMJ,double,both,0.19968628883361816
15,1702049345.926188,-920790,-1066626,-920790,-1066626,125.75041360942299,602.8792676710193,129.5233157026566,620.9675139493017,Max Werner,CMJ,double,both,0.21389317512512207
16,1702049345.940379,-919130,-1069216,-919130,-1069216,125.54533334294219,601.8960610371728,129.85006670640666,622.5340408512606,Max Werner,CMJ,double,both,0.22808408737182617
17,1702049345.95458,-917170,-1070085,-917170,-1070085,125.30319037769979,600.7351664574504,129.9596986068927,623.0596438928831,Max Werner,CMJ,double,both,0.24228525161743164
18,1702049345.9687848,-915095,-1070691,-915095,-1070691,125.04684004459878,599.5061581651423,130.03615077224887,623.426174897743,Max Werner,CMJ,double,both,0.25648999214172363
19,1702049345.9832268,-914562,-1072979,-914562,-1072979,124.98099198313236,599.1904659146361,130.32480185200956,624.8100411339135,Max Werner,CMJ,double,both,0.2709319591522217
20,1702049345.9975832,-914201,-1074247,-914201,-1074247,124.93639320228924,598.9766480864322,130.4847710692895,625.5769739955674,Max Werner,CMJ,double,both,0.28528833389282227
21,1702049346.011699,-913399,-1075047,-913399,-1075047,124.83731225426659,598.5016289777907,130.5856980202548,626.060843308914,Max Werner,CMJ,double,both,0.2994041442871094
22,1702049346.025802,-912362,-1075738,-912362,-1075738,124.70919885888068,597.8874209782131,130.67287367415105,626.4787854283168,Max Werner,CMJ,double,both,0.313507080078125
23,1702049346.041211,-911569,-1077604,-911569,-1077604,124.61122979182088,597.4177325079478,130.90828578727755,627.6074106016972,Max Werner,CMJ,double,both,0.328916072845459
24,1702049346.0540009,-911019,-1078537,-911019,-1078537,124.54328151075796,597.0919712738421,131.02599184384079,628.1717231883873,Max Werner,CMJ,double,both,0.3417060375213623
25,1702049346.0685608,-909880,-1079302,-909880,-1079302,124.40256679779313,596.4173493726668,131.12250324070132,628.6344232192748,Max Werner,CMJ,double,both,0.3562660217285156
26,1702049346.082774,-909691,-1080503,-909691,-1080503,124.37921729757332,596.3054059667649,131.27401982583794,629.360832025936,Max Werner,CMJ,double,both,0.37047910690307617
27,1702049346.0969431,-909717,-1080276,-909717,-1080276,124.38242939813266,596.3208055887408,131.24538180350154,629.223534108274,Max Werner,CMJ,double,both,0.38464832305908203
28,1702049346.1112409,-909588,-1079685,-909588,-1079685,124.36649243766517,596.2443997720142,131.17082201847595,628.8660756530394,Max Werner,CMJ,double,both,0.39894604682922363
29,1702049346.125448,-908333,-1079255,-908333,-1079255,124.21144681451251,595.5010718651001,131.11657378233213,628.6059958971157,Max Werner,CMJ,double,both,0.41315317153930664
30,1702049346.139652,-907263,-1077563,-907263,-1077563,124.07925652226284,594.8673181914762,130.90311328104056,627.5826122993881,Max Werner,CMJ,double,both,0.42735719680786133
31,1702049346.1540291,-906001,-1077302,-906001,-1077302,123.92334610280575,594.1198442324917,130.87018586328816,627.424749935909,Max Werner,CMJ,double,both,0.44173431396484375
32,1702049346.1684968,-905372,-1076883,-905372,-1076883,123.84563797773562,593.7472918393053,130.8173253727201,627.1713233830437,Max Werner,CMJ,double,both,0.45620203018188477
33,1702049346.182306,-905983,-1076470,-905983,-1076470,123.92112234088006,594.1091829557391,130.76522183428426,626.9215258500287,Max Werner,CMJ,double,both,0.47001123428344727
34,1702049346.2486532,-906567,-1076992,-906567,-1076992,123.99327106113596,594.4550821570442,130.8310766697891,627.2372505769872,Max Werner,CMJ,double,both,0.5363583564758301
35,1702049346.248739,-906698,-1077886,-906698,-1077886,124.00945510626185,594.5326725600767,130.9438625374928,627.7779745346518,Max Werner,CMJ,double,both,0.5364441871643066
36,1702049346.2488189,-906452,-1078646,-906452,-1078646,123.97906369327734,594.3869684444584,131.0397431409098,628.2376503823307,Max Werner,CMJ,double,both,0.5365240573883057
37,1702049346.248898,-906489,-1079508,-906489,-1079508,123.98363475945794,594.4088832911165,131.1484919305749,628.7590195674616,Max Werner,CMJ,double,both,0.5366032123565674
38,1702049346.253268,-906844,-1079772,-906844,-1079772,124.02749228632582,594.6191473604028,131.1817978243934,628.9186964408657,Max Werner,CMJ,double,both,0.5409731864929199
39,1702049346.267434,-907697,-1079762,-907697,-1079762,124.13287389313794,595.1243734198432,131.18053623750635,628.9126480744488,Max Werner,CMJ,double,both,0.5551390647888184
40,1702049346.2818592,-909728,-1079604,-909728,-1079604,124.38378836375392,596.327320813423,131.1606031646907,628.8170838850631,Max Werner,CMJ,double,both,0.5695643424987793
41,1702049346.295943,-910394,-1078862,-910394,-1078862,124.46606755500464,596.7217880532673,131.06699341767043,628.3682950969343,Max Werner,CMJ,double,both,0.5836482048034668
42,1702049346.310176,-910311,-1078107,-910311,-1078107,124.45581354168061,596.672627721575,130.97174360769696,627.9116434324637,Max Werner,CMJ,double,both,0.5978810787200928
43,1702049346.324348,-909923,-1077102,-909923,-1077102,124.40787911794895,596.4428179782423,130.84495412554682,627.3037826075723,Max Werner,CMJ,double,both,0.6120531558990479
44,1702049346.3387148,-909919,-1074593,-909919,-1074593,124.40738494863213,596.4404488056306,130.528421975582,625.7862474735898,Max Werner,CMJ,double,both,0.6264200210571289
45,1702049346.3531399,-910566,-1073527,-910566,-1073527,124.48731683562796,596.8236624755696,130.39393681342077,625.1414916135558,Max Werner,CMJ,double,both,0.6408450603485107
46,1702049346.3672588,-911552,-1073105,-911552,-1073105,124.60912957222439,597.4076635243482,130.34069784678658,624.8862505507656,Max Werner,CMJ,double,both,0.6549639701843262
47,1702049346.381481,-912303,-1072779,-912303,-1072779,124.70190986145758,597.8524756821909,130.29957011426825,624.689073805577,Max Werner,CMJ,double,both,0.6691861152648926
48,1702049346.395668,-912091,-1073074,-912091,-1073074,124.67571888766605,597.7269095337718,130.3367869274367,624.8675006148734,Max Werner,CMJ,double,both,0.683373212814331
49,1702049346.409886,-911472,-1073423,-911472,-1073423,124.59924618588796,597.3602800721146,130.38081630979528,625.0785886028207,Max Werner,CMJ,double,both,0.6975910663604736
50,1702049346.424074,-910835,-1073442,-910835,-1073442,124.52054972218419,596.9829893337048,130.3832133248807,625.0900804990126,Max Werner,CMJ,double,both,0.7117791175842285
51,1702049346.4383821,-911059,-1073856,-911059,-1073856,124.54822320392617,597.1156629999589,130.43544302200524,625.3404828686695,Max Werner,CMJ,double,both,0.7260873317718506
52,1702049346.452697,-913491,-1073911,-913491,-1073911,124.84867814855347,598.5561199478593,130.4423817498841,625.3737488839621,Max Werner,CMJ,double,both,0.7404022216796875
53,1702049346.466849,-914747,-1074332,-914747,-1074332,125.00384731403534,599.3000401479263,130.49549455782957,625.6283851101106,Max Werner,CMJ,double,both,0.754554271697998
54,1702049346.481782,-915602,-1075000,-915602,-1075000,125.10947600550587,599.8064507936725,130.57976856188557,626.0324159867547,Max Werner,CMJ,double,both,0.7694871425628662
55,1702049346.495312,-915612,-1074748,-915612,-1074748,125.11071142879793,599.8123737252017,130.54797657233152,625.8799971530507,Max Werner,CMJ,double,both,0.7830171585083008
56,1702049346.5094981,-915281,-1074005,-915281,-1074005,125.06981891783097,599.6163246915853,130.45424066662252,625.4306035282802,Max Werner,CMJ,double,both,0.7972033023834229
57,1702049346.523749,-914609,-1072840,-914609,-1072840,124.986798472605,599.2183036928234,130.30726579427935,624.7259688407196,Max Werner,CMJ,double,both,0.8114542961120605
58,1702049346.538045,-914173,-1070659,-914173,-1070659,124.93293401707149,598.9600638781504,130.03211369421027,623.406820125209,Max Werner,CMJ,double,both,0.8257501125335693
59,1702049346.552534,-914695,-1070243,-914695,-1070243,124.99742311291666,599.2692409039745,129.97963167970832,623.1552080822689,Max Werner,CMJ,double,both,0.8402392864227295
60,1702049346.566587,-914871,-1070052,-914871,-1070052,125.0191665628568,599.3734844988883,129.95553537016536,623.0396842837075,Max Werner,CMJ,double,both,0.8542921543121338
61,1702049346.580887,-914957,-1070076,-914957,-1070076,125.02979120316844,599.4244217100394,129.95856317869433,623.054200363108,Max Werner,CMJ,double,both,0.8685922622680664
62,1702049346.594976,-915138,-1070307,-915138,-1070307,125.0521523647546,599.5316267707178,129.98770583578556,623.1939176273368,Max Werner,CMJ,double,both,0.882681131362915
63,1702049346.609288,-916882,-1070725,-916882,-1070725,125.26761018688866,600.5645860294096,130.0404401676649,623.4467393435602,Max Werner,CMJ,double,both,0.8969931602478027
64,1702049346.6234722,-917801,-1070943,-917801,-1070898,125.38114558742834,601.1089034369427,130.06226562081116,623.5513760825714,Max Werner,CMJ,double,both,0.911177396774292
65,1702049346.636319,-918534,-101,-918534,-1071071,125.47170211473582,601.5430543180327,130.08409107395738,623.6560128215824,Max Werner,CMJ,double,both,0.9240241050720215
66,1702049346.651063,-919021,-1071203,-919021,-1071244,125.5318672290588,601.8315010835045,130.10591652710363,623.7606495605936,Max Werner,CMJ,double,both,0.9387681484222412
67,1702049346.665107,-920301,-1071417,-920301,-1071417,125.6900014104416,602.5896363192415,130.12774198024988,623.8652862996048,Max Werner,CMJ,double,both,0.9528121948242188
68,1702049346.679348,-920913,-1071129,-920913,-1071129,125.76560931591524,602.9521197288284,130.09140827790236,623.6910933468,Max Werner,CMJ,double,both,0.9670531749725342
69,1702049346.69355,-921198,-1070121,-921198,-1070121,125.80081887973876,603.1209232774105,129.96424031968613,623.0814180119837,Max Werner,CMJ,double,both,0.981255292892456
70,1702049346.707772,-920804,-1068844,-920804,-1068844,125.75214320203186,602.8875597751601,129.80313567420782,622.3090416205546,Max Werner,CMJ,double,both,0.9954771995544434
71,1702049346.7221131,-918881,-1067355,-918881,-1067355,125.51457130297005,601.7485800420958,129.6152853867237,621.4084398610887,Max Werner,CMJ,double,both,1.0098183155059814
72,1702049346.7363122,-918128,-1065511,-918128,-1065511,125.42154392907847,601.3025832979473,129.38264876474875,620.2931210938253,Max Werner,CMJ,double,both,1.024017333984375
73,1702049346.7507288,-917580,-1063048,-917580,-1063048,125.35384273267397,600.9780066501474,129.07191991446442,618.8034084453602,Max Werner,CMJ,double,both,1.0384340286254883
74,1702049346.7648141,-917243,-1062664,-917243,-1062664,125.31220896773178,600.7784038576135,129.0234749780011,618.571151174954,Max Werner,CMJ,double,both,1.0525193214416504
75,1702049346.77915,-918103,-1062754,-918103,-1062754,125.41845537084833,601.2877759691244,129.0348292599847,618.6255864727054,Max Werner,CMJ,double,both,1.0668551921844482
76,1702049346.7933362,-918798,-1063360,-918798,-1063360,125.50431728964602,601.6994197104035,129.11128142534088,618.9921174775653,Max Werner,CMJ,double,both,1.0810413360595703
77,1702049346.807395,-919308,-1065043,-919866,-1065043,125.63626049723729,602.3319887977216,129.32360649843406,620.0100575455176,Max Werner,CMJ,double,both,1.0951001644134521
78,1702049346.8205628,-101,-1065884,-920934,-1065884,125.76820370482855,602.9645578850397,129.4297059556363,620.518725161173,Max Werner,CMJ,double,both,1.1082680225372314
79,1702049346.834917,-921784,-1066739,-922002,-1066739,125.90014691241981,603.5971269723577,129.53757163448043,621.0358604898119,Max Werner,CMJ,double,both,1.1226222515106201
80,1702049346.849289,-923071,-1068354,-923071,-1068354,126.03221366234028,604.2302883528288,129.7413179167416,622.0126716661299,Max Werner,CMJ,double,both,1.1369941234588623
81,1702049346.863436,-923669,-1068831,-923669,-1068831,126.10609197520506,604.5844796582747,129.80149561125464,622.3011787442127,Max Werner,CMJ,double,both,1.1511411666870117
82,1702049346.877751,-923685,-1069082,-923685,-1069082,126.10806865247234,604.5939563487213,129.83316144211997,622.452992741275,Max Werner,CMJ,double,both,1.1654562950134277
83,1702049346.891843,-923137,-1068953,-923137,-1068953,126.04036745606783,604.2693797009215,129.81688697127683,622.374968814498,Max Werner,CMJ,double,both,1.1795482635498047
84,1702049346.9060428,-923092,-1066945,-923092,-1066945,126.03480805125359,604.24272650904,129.563560324354,621.1604568379986,Max Werner,CMJ,double,both,1.1937479972839355
85,1702049346.920319,-922929,-1065904,-922929,-1065904,126.01467065159314,604.1461827251143,129.43222912941044,620.5308218940067,Max Werner,CMJ,double,both,1.208024263381958
86,1702049346.934431,-922763,-1064985,-922763,-1064985,125.99416262494505,604.0478620617296,129.31628929448908,619.9749770203,Max Werner,CMJ,double,both,1.2221362590789795
87,1702049346.948651,-922945,-1064173,-922945,-1064173,126.01664732886042,604.1556594155609,129.21384843925932,619.4838496672535,Max Werner,CMJ,double,both,1.236356258392334
88,1702049346.9629078,-923201,-1062606,-923201,-1062606,126.04827416513697,604.3072864627084,129.0161577740561,618.5360706497363,Max Werner,CMJ,double,both,1.2506129741668701
89,1702049346.977241,-923338,-1062122,-923338,-1062122,126.0651994642381,604.3884306246583,128.95509696872213,618.2433297151618,Max Werner,CMJ,double,both,1.2649462223052979
90,1702049346.9914129,-921946,-1061527,-921946,-1061527,125.89322854198431,603.5639585557942,128.8800325489417,617.8834519133604,Max Werner,CMJ,double,both,1.2791180610656738
91,1702049347.005557,-921340,-1060832,-921340,-1060832,125.8183618904859,603.205028905125,128.7923522602906,617.4630904473908,Max Werner,CMJ,double,both,1.293262243270874
92,1702049347.019837,-921492,-1060905,-921492,-1060905,125.83714032452511,603.2950574643688,128.8015618445662,617.5072435222337,Max Werner,CMJ,double,both,1.307542085647583
93,1702049347.0342138,-922707,-1061533,-922707,-1061533,125.98724425450955,604.0146936451661,128.88078950107393,617.8870809332105,Max Werner,CMJ,double,both,1.3219189643859863
94,1702049347.0483782,-925826,-1062347,-925826,-1062347,126.3725727793009,605.8620559891222,128.9834826736811,618.3794179595404,Max Werner,CMJ,double,both,1.3360834121704102
95,1702049347.0626051,-927110,-1063482,-927110,-1063482,126.53120113000051,606.6225603974709,129.12667278536307,619.0659075478505,Max Werner,CMJ,double,both,1.3503103256225586
96,1702049347.076969,-927887,-1063563,-927887,-1063563,126.62719351979302,607.0827721772895,129.1368916391483,619.1148993158268,Max Werner,CMJ,double,both,1.3646740913391113
97,1702049347.09106,-927924,-1063457,-927924,-1063457,126.63176458597363,607.1046870239475,129.1235188181454,619.0507866318085,Max Werner,CMJ,double,both,1.3787651062011719
98,1702049347.105197,-925662,-1063604,-925662,-1063604,126.35231183731122,605.7649199120434,129.1420641453853,619.139697618136,Max Werner,CMJ,double,both,1.392902135848999
99,1702049347.119474,-924411,-1063301,-924411,-1063301,126.1977603834754,605.0239611777411,129.10383806270718,618.956432115706,Max Werner,CMJ,double,both,1.4071791172027588
100,1702049347.133794,-923255,-1063050,-923255,-1063050,126.05494545091406,604.339270292966,129.07217223184185,618.8046181186436,Max Werner,CMJ,double,both,1.421499252319336
101,1702049347.148212,-922655,-1062823,-922655,-1062823,125.98082005339087,603.9838944012142,129.04353420950545,618.6673202009816,Max Werner,CMJ,double,both,1.4359171390533447
102,1702049347.162324,-922383,-1063564,-922383,-1063564,125.94721653984703,603.8227906636201,129.13701779783702,619.1155041524686,Max Werner,CMJ,double,both,1.4500291347503662
103,1702049347.176654,-922064,-1064268,-922064,-1064268,125.90780653683055,603.6338491478388,129.22583351468646,619.5413091482134,Max Werner,CMJ,double,both,1.4643592834472656
104,1702049347.19082,-921376,-1064478,-921376,-1064478,125.8228094143373,603.2263514586301,129.25232683931483,619.6683248429667,Max Werner,CMJ,double,both,1.478525161743164
105,1702049347.204983,-919806,-1065760,-919806,-1065760,125.62884795748496,602.2964512085464,129.41406227823668,620.4437254176044,Max Werner,CMJ,double,both,1.4926881790161133
106,1702049347.2192268,-919462,-1066373,-919462,-1066373,125.58634939623835,602.0927023639421,129.49139755441382,620.814490278956,Max Werner,CMJ,double,both,1.506932020187378
107,1702049347.233634,-919234,-1067078,-919234,-1067078,125.55818174517954,601.9576595250765,129.58033942995198,621.2409001113425,Max Werner,CMJ,double,both,1.5213391780853271
108,1702049347.2475798,-919319,-1067751,-919319,-1067751,125.56868284316198,602.0080044430746,129.66524422745152,621.6479551711951,Max Werner,CMJ,double,both,1.5352849960327148
109,1702049347.261879,-920016,-1069674,-920016,-1069674,125.65479184661808,602.4208327706594,129.9078473858343,622.8110560331514,Max Werner,CMJ,double,both,1.549584150314331
110,1702049347.276227,-919915,-1070050,-919915,-1070050,125.64231407136835,602.3610111622146,129.95528305278796,623.0384746104241,Max Werner,CMJ,double,both,1.563932180404663
111,1702049347.2903109,-919501,-1069876,-919501,-1069876,125.59116754707735,602.1158017969059,129.93333144095303,622.9332330347714,Max Werner,CMJ,double,both,1.5780160427093506
112,1702049347.304642,-918595,-1069375,-918595,-1069375,125.47923819681735,601.5791842003608,129.870125937911,622.6302098772882,Max Werner,CMJ,double,both,1.5923471450805664
113,1702049347.318768,-915756,-1068011,-915756,-1068011,125.12850152420349,599.8976639392221,129.6980454865152,621.8052126980326,Max Werner,CMJ,double,both,1.6064732074737549
114,1702049347.3333492,-914526,-1067762,-914526,-1067762,124.97654445928096,599.169143361131,129.66663197302728,621.6546083742536,Max Werner,CMJ,double,both,1.6210544109344482
115,1702049347.3472278,-914022,-1067983,-914022,-1067983,124.91427912536149,598.8706276120596,129.69451304323144,621.7882772720656,Max Werner,CMJ,double,both,1.6349329948425293
116,1702049347.3614259,-913875,-1069341,-913875,-1069341,124.89611840296831,598.7835605185804,129.86583654249497,622.6096454314709,Max Werner,CMJ,double,both,1.6491310596466064
117,1702049347.37579,-913631,-1070351,-913631,-1070351,124.86597407464221,598.639040989268,129.99325681808864,623.2205304395708,Max Werner,CMJ,double,both,1.6634953022003174
118,1702049347.389985,-913533,-1071882,-913533,-1071882,124.85386692638009,598.5809962602818,130.18640577049842,624.1465353379873,Max Werner,CMJ,double,both,1.6776902675628662
119,1702049347.4042938,-913737,-1073119,-913737,-1073119,124.87906956153797,598.7018240634775,130.34246406842848,624.8947182637492,Max Werner,CMJ,double,both,1.6919989585876465
120,1702049347.41838,-914169,-1075714,-914169,-1075714,124.93243984775467,598.9576947055388,130.66984586562208,626.4642693489163,Max Werner,CMJ,double,both,1.706085205078125
121,1702049347.432506,-915023,-1076593,-915023,-1076593,125.037944996896,599.4635130581321,130.78073935299517,626.9959207569557,Max Werner,CMJ,double,both,1.7202112674713135
122,1702049347.4467561,-915389,-1076525,-915389,-1076525,125.08316148938515,599.6802923521007,130.77216056216312,626.9547918653212,Max Werner,CMJ,double,both,1.7344613075256348
123,1702049347.4611998,-915569,-1075749,-915569,-1075749,125.10539910864209,599.7869051196261,130.6742614197268,626.4854386313752,Max Werner,CMJ,double,both,1.7489049434661865
124,1702049347.4754088,-915774,-1075234,-915774,-1075234,125.13072528612918,599.9083252159746,130.60928969504292,626.1739477609086,Max Werner,CMJ,double,both,1.7631139755249023
125,1702049347.489603,-915770,-1074328,-915770,-1074328,125.13023111681237,599.9059560433631,130.49498992307474,625.6259657635438,Max Werner,CMJ,double,both,1.7773082256317139
126,1702049347.503822,-914777,-1073294,-914777,-1073294,125.0075535839115,599.3178089425139,130.36454183895214,625.0005646760436,Max Werner,CMJ,double,both,1.791527271270752
127,1702049347.518108,-913624,-1070952,-913624,-1070952,124.86510927833778,598.6348949371976,130.0690781900013,623.5840372612222,Max Werner,CMJ,double,both,1.8058130741119385
128,1702049347.5323231,-912570,-1069911,-912570,-1069911,124.73489566335539,598.0106179540203,129.93774699505775,622.9544023172302,Max Werner,CMJ,double,both,1.820028305053711
129,1702049347.546785,-912263,-1069246,-912263,-1069246,124.69696816828936,597.8287839560741,129.85385146706787,622.5521859505111,Max Werner,CMJ,double,both,1.8344902992248535
130,1702049347.560993,-912443,-1069362,-912443,-1069362,124.71920578754631,597.9353967235995,129.86848587495783,622.6223470009463,Max Werner,CMJ,double,both,1.8486981391906738
131,1702049347.57502,-912500,-1069861,-912500,-1069861,124.72624770031102,597.969157433316,129.9314390606224,622.9241604851461,Max Werner,CMJ,double,both,1.8627252578735352
132,1702049347.589138,-913234,-1070277,-913234,-1070277,124.81692776994771,598.403900607559,129.98392107512436,623.1757725280862,Max Werner,CMJ,double,both,1.8768432140350342
133,1702049347.605373,-913764,-1070803,-913764,-1070803,124.88240520442652,598.7178159786063,130.05028054538403,623.4939166016114,Max Werner,CMJ,double,both,1.893078088760376
134,1702049347.617687,-914848,-1071631,-914848,-1071631,125.01632508928508,599.3598617563712,130.1547399396331,623.994721340925,Max Werner,CMJ,double,both,1.9053921699523926
135,1702049347.631862,-916233,-1072049,-916233,-1072049,125.18743121523441,600.1801877731647,130.20747427151244,624.2475430571484,Max Werner,CMJ,double,both,1.9195671081542969
136,1702049347.646135,-917698,-1072128,-917698,-1072128,125.36842072752019,601.0478972421919,130.21744080792024,624.2953251518413,Max Werner,CMJ,double,both,1.933840274810791
137,1702049347.660495,-917518,-1071985,-917518,-1071985,125.34618310826323,600.9412844746664,130.19940011543522,624.2088335120808,Max Werner,CMJ,double,both,1.9482002258300781
138,1702049347.674664,-917288,-1070850,-917288,-1070850,125.31776837254601,600.8050570494948,130.05621000375322,623.5223439237704,Max Werner,CMJ,double,both,1.9623692035675049
139,1702049347.688886,-916918,-1070236,-916918,-1070236,125.27205771074006,600.5859085829147,129.9787485688874,623.1509742257773,Max Werner,CMJ,double,both,1.9765911102294922
140,1702049347.703317,-916587,-1069322,-916587,-1069322,125.23116519977309,600.3898595492982,129.86343952740955,622.5981535352789,Max Werner,CMJ,double,both,1.9910221099853516
141,1702049347.717361,-916189,-1068246,-916189,-1068246,125.18199535274938,600.1541268744363,129.72769277836127,621.9473493088282,Max Werner,CMJ,double,both,2.005066156387329
142,1702049347.731573,-915578,-1068100,-915578,-1068100,125.10651098960494,599.7922357580024,129.7092736098101,621.8590431591424,Max Werner,CMJ,double,both,2.0192782878875732
143,1702049347.745805,-915032,-1068815,-915032,-1068815,125.03905687785885,599.4688436965084,129.79947707223533,622.2915013579458,Max Werner,CMJ,double,both,2.033510208129883
144,1702049347.760154,-915357,-1069752,-915357,-1069752,125.07920813485057,599.6613389712072,129.9176877635534,622.8582332912027,Max Werner,CMJ,double,both,2.0478591918945312
145,1702049347.774276,-915939,-1071843,-915939,-1071843,125.15110977044806,600.0060535862063,130.18148558163887,624.1229467089616,Max Werner,CMJ,double,both,2.061981201171875
146,1702049347.7885308,-916492,-1072749,-916492,-1072749,125.21942867849859,600.3335916997709,130.29578535360704,624.6709287063264,Max Werner,CMJ,double,both,2.0762360095977783
147,1702049347.802751,-915986,-1073533,-915986,-1073533,125.1569162599207,600.0338913643936,130.394693765553,625.1451206334058,Max Werner,CMJ,double,both,2.090456247329712
148,1702049347.816952,-915443,-1074548,-915443,-1074548,125.08983277516222,599.7122761823582,130.5227448345902,625.7590298247142,Max Werner,CMJ,double,both,2.1046571731567383
149,1702049347.83117,-915385,-1074921,-915385,-1074921,125.08266732006832,599.677923179489,130.56980202547777,625.9846338920619,Max Werner,CMJ,double,both,2.11887526512146
150,1702049347.84548,-915774,-1074962,-915774,-1074962,125.13072528612918,599.9083252159746,130.57497453171473,626.0094321943708,Max Werner,CMJ,double,both,2.1331851482391357
151,1702049347.860012,-915423,-1074516,-915423,-1074516,125.08736192857812,599.7004303192999,130.51870775655158,625.7396750521801,Max Werner,CMJ,double,both,2.147717237472534
152,1702049347.873924,-914254,-1072888,-914254,-1072888,124.94294094573712,599.0080396235369,130.31332141133726,624.7550009995203,Max Werner,CMJ,double,both,2.1616291999816895
153,1702049347.888181,-912608,-1071664,-912608,-1071664,124.7395902718652,598.0331250938314,130.15890317636038,624.0146809501003,Max Werner,CMJ,double,both,2.1758861541748047
154,1702049347.902339,-911296,-1070640,-911296,-1070640,124.57750273594783,597.2560364772008,130.02971667912485,623.3953282290171,Max Werner,CMJ,double,both,2.1900441646575928
155,1702049347.916699,-909809,-1070268,-909809,-1070268,124.39379529241954,596.3752965588094,129.982785646926,623.1703289983111,Max Werner,CMJ,double,both,2.20440411567688
156,1702049347.930829,-910134,-1071075,-910134,-1071075,124.43394654941127,596.5677918335083,130.08459570871221,623.6584321681491,Max Werner,CMJ,double,both,2.218534231185913
157,1702049347.9452841,-910405,-1072173,-910405,-1072173,124.4674265206259,596.7283032779495,130.22311794891206,624.3225428007171,Max Werner,CMJ,double,both,2.2329893112182617
158,1702049347.959483,-910697,-1073461,-910697,-1073461,124.50350088075386,596.901252878602,130.38561033996615,625.1015723952048,Max Werner,CMJ,double,both,2.247188091278076
159,1702049347.973693,-910875,-1076014,-910875,-1076014,124.5254914153524,597.0066810598217,130.70769347223407,626.6457203414213,Max Werner,CMJ,double,both,2.2613980770111084
160,1702049347.9877918,-911206,-1076556,-911206,-1076556,124.56638392631936,597.202730093438,130.77607148151304,626.9735418012135,Max Werner,CMJ,double,both,2.2754969596862793
161,1702049348.0020952,-911499,-1077276,-911499,-1077276,124.60258182877651,597.3762719872435,130.86690573738179,627.4090241832251,Max Werner,CMJ,double,both,2.2898004055023193
162,1702049348.016366,-911621,-1077879,-911621,-1077879,124.61765399293955,597.4485317518996,130.94297942667185,627.77374067816,Max Werner,CMJ,double,both,2.3040711879730225
163,1702049348.030493,-911721,-1077939,-911721,-1077939,124.63000822586008,597.5077610671916,130.95054894799424,627.8100308766609,Max Werner,CMJ,double,both,2.3181982040405273
164,1702049348.044729,-911788,-1077349,-911788,-1077349,124.63828556191685,597.5474447084373,130.87611532165735,627.453177258068,Max Werner,CMJ,double,both,2.3324341773986816
165,1702049348.059063,-911811,-1076392,-911811,-1076392,124.64112703548857,597.5610674509544,130.75538145656515,626.8743485919774,Max Werner,CMJ,double,both,2.3467681407928467
166,1702049348.073232,-912362,-1075572,-912362,-1075572,124.70919885888068,597.8874209782131,130.65193133182575,626.3783825457974,Max Werner,CMJ,double,both,2.3609371185302734
167,1702049348.087599,-912531,-1075421,-912531,-1075421,124.73007751251639,597.9875185210565,130.63288136983104,626.2870522129032,Max Werner,CMJ,double,both,2.3753042221069336
168,1702049348.1018271,-912043,-1075115,-912043,-1075115,124.6697888558642,597.6984794624318,130.59427681108684,626.1019722005483,Max Werner,CMJ,double,both,2.3895323276519775
169,1702049348.115971,-911500,-1074665,-911500,-1074665,124.60270537110571,597.3768642803964,130.5375054011689,625.829795711791,Max Werner,CMJ,double,both,2.4036762714385986
170,1702049348.130241,-910352,-1073611,-910352,-1073611,124.46087877717802,596.6969117408447,130.40453414327212,625.1922978914571,Max Werner,CMJ,double,both,2.4179461002349854
171,1702049348.1444402,-909903,-1073307,-909903,-1073307,124.40540827136485,596.4309721151839,130.36618190190532,625.0084275523856,Max Werner,CMJ,double,both,2.432145357131958
172,1702049348.1587331,-909706,-1073136,-909706,-1073136,124.3810704325114,596.3142903640587,130.3446087661365,624.9050004866577,Max Werner,CMJ,double,both,2.4464383125305176
173,1702049348.173093,-909900,-1074002,-909900,-1074002,124.40503764437723,596.429195235725,130.4538621905564,625.4287890183552,Max Werner,CMJ,double,both,2.4607982635498047
174,1702049348.187223,-910958,-1074768,-910958,-1074768,124.53574542867644,597.0558413915139,130.55049974610566,625.8920938858844,Max Werner,CMJ,double,both,2.474928140640259
175,1702049348.201505,-911620,-1075442,-911620,-1075442,124.61753045061035,597.4479394587468,130.6355307022939,626.2997537823786,Max Werner,CMJ,double,both,2.4892101287841797
176,1702049348.215641,-912244,-1075720,-912244,-1075720,124.69462086403446,597.8175303861685,130.67060281775431,626.4678983687664,Max Werner,CMJ,double,both,2.5033462047576904
177,1702049348.229907,-913425,-1075487,-913425,-1075487,124.84052435482593,598.5170285997666,130.64120784328568,626.3269714312544,Max Werner,CMJ,double,both,2.5176122188568115
178,1702049348.244,-913587,-1074754,-913587,-1074754,124.86053821215718,598.6129800905395,130.54873352446376,625.8836261729008,Max Werner,CMJ,double,both,2.531705141067505
179,1702049348.258945,-913386,-1074505,-913386,-1074505,124.83570620398692,598.4939291668027,130.51732001097582,625.7330218491218,Max Werner,CMJ,double,both,2.5466501712799072
180,1702049348.272596,-913107,-1073740,-913107,-1073740,124.80123789413864,598.3286793771382,130.4208086141153,625.2703218182343,Max Werner,CMJ,double,both,2.5603010654449463
181,1702049348.286758,-912442,-1073355,-912442,-1073355,124.71908224521711,597.9348044304467,130.37223751896323,625.0374597111863,Max Werner,CMJ,double,both,2.574463129043579
182,1702049348.3011808,-912390,-1072955,-912390,-1072955,124.71265804409843,597.9040051864948,130.32177404348062,624.7955250545132,Max Werner,CMJ,double,both,2.588886022567749
183,1702049348.31525,-912654,-1072927,-912654,-1072927,124.74527321900864,598.0603705788656,130.3182416001968,624.778589628546,Max Werner,CMJ,double,both,2.6029551029205322
184,1702049348.329576,-913379,-1073607,-913379,-1073607,124.83484140768248,598.4897831147323,130.4040295085173,625.1898785448905,Max Werner,CMJ,double,both,2.617281198501587
185,1702049348.3436852,-914308,-1074260,-914308,-1074260,124.94961223151421,599.0400234537946,130.4864111322427,625.5848368719094,Max Werner,CMJ,double,both,2.631390333175659
186,1702049348.3579159,-914681,-1074839,-914681,-1074839,124.99569352030778,599.2609487998335,130.55945701300382,625.9350372874438,Max Werner,CMJ,double,both,2.6456210613250732
187,1702049348.37218,-914874,-1075413,-914874,-1075413,125.01953718984441,599.3752613783471,130.6318721003214,626.2822135197698,Max Werner,CMJ,double,both,2.6598851680755615
188,1702049348.386411,-915110,-1075745,-915110,-1075745,125.04869317953685,599.5150425624361,130.673756784972,626.4830192848086,Max Werner,CMJ,double,both,2.6741161346435547
189,1702049348.400767,-915574,-1075366,-915574,-1075366,125.10601682028812,599.7898665853908,130.62594264195218,626.2537861976107,Max Werner,CMJ,double,both,2.688472270965576
190,1702049348.41487,-915190,-1074962,-915190,-1074962,125.05857656587328,599.5624260146697,130.57497453171473,626.0094321943708,Max Werner,CMJ,double,both,2.702575206756592
191,1702049348.429306,-914441,-1073232,-914441,-1073232,124.96604336129852,599.1187984431328,130.35672000025232,624.9630648042593,Max Werner,CMJ,double,both,2.7170112133026123
192,1702049348.44335,-913590,-1072270,-913590,-1072270,124.8609088391448,598.6147569699983,130.2353553417166,624.3812119549603,Max Werner,CMJ,double,both,2.73105525970459
193,1702049348.457551,-912487,-1071219,-912487,-1071219,124.72464165003134,597.961457622328,130.10276255988597,623.7455286445517,Max Werner,CMJ,double,both,2.745256185531616
194,1702049348.471858,-912455,-1070533,-912455,-1070533,124.72068829549679,597.9425042414347,130.01621769943324,623.3306107083571,Max Werner,CMJ,double,both,2.7595632076263428
195,1702049348.485943,-912300,-1069372,-912300,-1069372,124.70153923446996,597.850698802732,129.8697474618449,622.6283953673632,Max Werner,CMJ,double,both,2.773648262023926
196,1702049348.500491,-911799,-1069353,-911799,-1069353,124.6396445275381,597.5539599331194,129.86735044675947,622.6169034711712,Max Werner,CMJ,double,both,2.788196086883545
197,1702049348.514517,-912064,-1069832,-912064,-1069832,124.6723832447775,597.7109176186431,129.92778045864992,622.9066202225373,Max Werner,CMJ,double,both,2.80222225189209
198,1702049348.528866,-912783,-1071320,-912783,-1071320,124.76121017947612,598.1367763955923,130.11550458744534,623.8066171453615,Max Werner,CMJ,double,both,2.8165712356567383
199,1702049348.5428889,-913514,-1071881,-913514,-1071881,124.8515196221252,598.5697426903764,130.18627961180974,624.1459305013457,Max Werner,CMJ,double,both,2.830594062805176
200,1702049348.557177,-915340,-1072585,-915340,-1072585,125.07710791525408,599.6512699876075,130.27509532865918,624.5717354970905,Max Werner,CMJ,double,both,2.8448822498321533
201,1702049348.571393,-915865,-1073514,-915865,-1073514,125.14196763808687,599.9622238928904,130.39229675046758,625.1336287372138,Max Werner,CMJ,double,both,2.859098196029663
202,1702049348.585642,-915921,-1074359,-915921,-1074359,125.14888600852237,599.9953923094539,130.49890084242466,625.644715699436,Max Werner,CMJ,double,both,2.873347282409668
203,1702049348.599925,-915806,-1074176,-915806,-1074176,125.13467864066375,599.9272785968681,130.47581380239134,625.534030594008,Max Werner,CMJ,double,both,2.8876302242279053
204,1702049348.6142561,-915335,-1073169,-915335,-1073169,125.07649020360806,599.648308521843,130.34877200286383,624.9249600958334,Max Werner,CMJ,double,both,2.901961326599121
205,1702049348.628482,-915140,-1070828,-915140,-1070828,125.05239944941302,599.5328113570237,130.05343451260168,623.5090375176535,Max Werner,CMJ,double,both,2.916187286376953
206,1702049348.642684,-914940,-1070209,-914940,-1070209,125.02769098357196,599.4143527264397,129.9753422842923,623.1346436364518,Max Werner,CMJ,double,both,2.930389165878296
207,1702049348.656866,-914736,-1069753,-914736,-1069753,125.00248834841408,599.2935249232441,129.91781392224212,622.8588381278444,Max Werner,CMJ,double,both,2.9445712566375732
208,1702049348.6713128,-914841,-1069234,-914841,-1069234,125.01546029298063,599.3557157043007,129.85233756280337,622.5449279108109,Max Werner,CMJ,double,both,2.9590179920196533
209,1702049348.685594,-914769,-1068719,-914769,-1068719,125.00656524527786,599.3130705972904,129.78736583811948,622.2334370403441,Max Werner,CMJ,double,both,2.973299264907837
210,1702049348.69975,-915027,-1068906,-915027,-1068906,125.03843916621283,599.4658822307438,129.81095751290763,622.3465414923389,Max Werner,CMJ,double,both,2.987455129623413
211,1702049348.713734,-915850,-1069482,-915850,-1069482,125.14011450314878,599.9533394955965,129.88362491760262,622.6949273979483,Max Werner,CMJ,double,both,3.001439094543457
212,1702049348.7282119,-916346,-1070087,-916346,-1070087,125.20139149843462,600.2471168994447,129.95995092427012,623.0608535661665,Max Werner,CMJ,double,both,3.0159170627593994
213,1702049348.742442,-916363,-1071074,-916363,-1071074,125.2034917180311,600.2571858830443,130.0844695500235,623.6578273315075,Max Werner,CMJ,double,both,3.030147075653076
214,1702049348.756543,-916814,-1071576,-916814,-1071576,125.2592093085027,600.5243100950111,130.14780121175423,623.9614553256324,Max Werner,CMJ,double,both,3.044248104095459
215,1702049348.7708108,-917377,-1071585,-917377,-1071585,125.32876363984529,600.8577711401048,130.14893663995258,623.9668988554075,Max Werner,CMJ,double,both,3.058516025543213
216,1702049348.785581,-917582,-1071667,-917582,-1071667,125.35408981733237,600.9791912364532,130.15928165242653,624.0164954600256,Max Werner,CMJ,double,both,3.073286294937134
217,1702049348.7993221,-917535,-1071195,-917535,-1071195,125.34828332785972,600.951353458266,130.099734751357,623.7310125651511,Max Werner,CMJ,double,both,3.0870273113250732
218,1702049348.813469,-917098,-1070852,-917098,-1070852,125.294295329997,600.6925213504402,130.05646232113065,623.5235535970539,Max Werner,CMJ,double,both,3.1011741161346436
219,1702049348.827809,-915888,-1070199,-915888,-1070199,125.14480911165859,599.9758466354075,129.97408069740524,623.1285952700349,Max Werner,CMJ,double,both,3.1155142784118652
220,1702049348.841963,-915234,-1068842,-915234,-1068842,125.06401242835832,599.5884869133981,129.8028833568304,622.3078319472711,Max Werner,CMJ,double,both,3.1296682357788086
221,1702049348.85627,-915131,-1068871,-915131,-1068871,125.05128756845018,599.5274807186474,129.80654195880288,622.3253722098799,Max Werner,CMJ,double,both,3.143975257873535
222,1702049348.870429,-915157,-1069033,-915157,-1069033,125.05449966900952,599.5428803406234,129.82697966637335,622.4233557458326,Max Werner,CMJ,double,both,3.1581342220306396
223,1702049348.884663,-916606,-1069600,-916606,-1069600,125.233512504028,600.4011131192037,129.89851164287,622.7662981216669,Max Werner,CMJ,double,both,3.172368288040161
224,1702049348.898838,-917948,-1069913,-917948,-1069913,125.39930630982151,601.1959705304218,129.93799931243515,622.9556119905136,Max Werner,CMJ,double,both,3.1865432262420654
225,1702049348.91311,-918551,-1069938,-918551,-1069938,125.4738023343323,601.5531233016322,129.9411532796528,622.9707329065557,Max Werner,CMJ,double,both,3.200815200805664
226,1702049348.927485,-918937,-1069776,-918937,-1069776,125.52148967340555,601.7817484586593,129.92071557208234,622.8727493706031,Max Werner,CMJ,double,both,3.2151901721954346
227,1702049348.9415889,-920220,-1069574,-920220,-1069574,125.67999448177596,602.5416605738551,129.89523151696363,622.7505723689832,Max Werner,CMJ,double,both,3.2292940616607666
228,1702049348.9558651,-920984,-1069261,-920984,-1069261,125.77438082128882,602.9941725426856,129.85574384739846,622.5612585001363,Max Werner,CMJ,double,both,3.243570327758789
229,1702049348.970073,-921422,-1068330,-921422,-1067747,125.82849236148074,603.2535969436644,129.6647395926967,621.6455358246284,Max Werner,CMJ,double,both,3.2577781677246094
230,1702049348.9829571,-920871,-101,-920871,-1066233,125.76042053808861,602.9272434164056,129.4737353379949,620.7298131491203,Max Werner,CMJ,double,both,3.270662307739258
231,1702049348.99751,-920158,-1064455,-920158,-1064719,125.67233485736523,602.5049383983741,129.28273108329313,619.8140904736124,Max Werner,CMJ,double,both,3.285215139389038
232,1702049349.011638,-918900,-1063206,-918900,-1063206,125.51691860722497,601.7598336120012,129.09185298728005,618.8989726347461,Max Werner,CMJ,double,both,3.2993431091308594
233,1702049349.026002,-917831,-1062120,-917831,-1062120,125.3848518573045,601.1266722315303,128.9548446513447,618.2421200418784,Max Werner,CMJ,double,both,3.313707113265991
234,1702049349.0401769,-917343,-1062687,-917343,-1062687,125.3245632006523,600.8376331729055,129.02637662784133,618.5850624177126,Max Werner,CMJ,double,both,3.3278820514678955
235,1702049349.054498,-918161,-1064053,-918161,-1064053,125.42562082594225,601.3221289719937,129.19870939661453,619.4112692702515,Max Werner,CMJ,double,both,3.342203140258789
236,1702049349.0685718,-918462,-1066090,-918462,-1066090,125.46280706703304,601.5004092110224,129.45569464550988,620.6433215093598,Max Werner,CMJ,double,both,3.3562769889831543
237,1702049349.082752,-918871,-1068140,-918871,-1068140,125.51333587967801,601.7426571105666,129.71431995735838,621.8832366248098,Max Werner,CMJ,double,both,3.370457172393799
238,1702049349.0971022,-920008,-1070007,-920008,-1070007,125.65380350798443,602.4160944254361,129.94985822917357,623.0124666348318,Max Werner,CMJ,double,both,3.3848073482513428
239,1702049349.111288,-920465,-1070559,-920465,-1070559,125.71026235243126,602.6867723963204,130.0194978253396,623.3463364610408,Max Werner,CMJ,double,both,3.3989932537078857
240,1702049349.125779,-920499,-1070835,-920499,-1070835,125.71446279162424,602.7069103635197,130.05431762342263,623.5132713741453,Max Werner,CMJ,double,both,3.4134840965270996
241,1702049349.1398652,-920346,-1070567,-920346,-1070567,125.69556081525583,602.616289511123,130.02050709484928,623.3511751541744,Max Werner,CMJ,double,both,3.427570343017578
242,1702049349.154185,-919665,-1069792,-919665,-1069792,125.61142848906702,602.2129378739847,129.92273411110165,622.8824267568699,Max Werner,CMJ,double,both,3.441890239715576
243,1702049349.1685178,-919163,-1069352,-919163,-1069352,125.54941023980595,601.9156067112191,129.86722428807076,622.6162986345295,Max Werner,CMJ,double,both,3.4562230110168457
244,1702049349.182515,-918836,-1068707,-918836,-1068707,125.50901189815582,601.7219268502143,129.785851933855,622.226179000644,Max Werner,CMJ,double,both,3.4702200889587402
245,1702049349.196741,-917918,-1067260,-917918,-1067260,125.39560003994535,601.1782017358343,129.60330031129658,621.3509803801288,Max Werner,CMJ,double,both,3.4844462871551514
246,1702049349.21086,-915676,-1067073,-915676,-1067073,125.11861813786706,599.8502804869885,129.57970863650846,621.2378759281341,Max Werner,CMJ,double,both,3.498565196990967
247,1702049349.225311,-914826,-1066980,-914826,-1066980,125.01360715804256,599.3468313070069,129.56797587845872,621.1816261204575,Max Werner,CMJ,double,both,3.5130162239074707
248,1702049349.239546,-914642,-1067186,-914642,-1067186,124.99087536946878,599.2378493668697,129.5939645683323,621.3062224686443,Max Werner,CMJ,double,both,3.5272512435913086
249,1702049349.253748,-915232,-1068869,-915232,-1068869,125.06376534369991,599.5873023270923,129.80628964142548,622.3241625365966,Max Werner,CMJ,double,both,3.5414531230926514
250,1702049349.2679412,-916661,-1070049,-916661,-1070049,125.2403073321343,600.4336892426144,129.95515689409925,623.0378697737825,Max Werner,CMJ,double,both,3.5556464195251465
251,1702049349.28214,-916594,-1071116,-916594,-1071116,125.23202999607753,600.3940056013687,130.08976821494917,623.6832304704582,Max Werner,CMJ,double,both,3.569845199584961
252,1702049349.296451,-915753,-1073432,-915753,-1073432,125.12813089721587,599.8958870597634,130.38195173799366,625.084032132596,Max Werner,CMJ,double,both,3.5841562747955322
253,1702049349.3105862,-915248,-1074383,-915248,-1074383,125.06574202096719,599.596779017539,130.5019286509536,625.6592317788363,Max Werner,CMJ,double,both,3.5982913970947266
254,1702049349.3250089,-914845,-1074692,-914845,-1074692,125.01595446229746,599.3580848769124,130.54091168576394,625.8461263011164,Max Werner,CMJ,double,both,3.6127140522003174
255,1702049349.3392031,-915706,-1074236,-915706,-1074236,125.12232440774322,599.8680492815761,130.48338332371375,625.570320792509,Max Werner,CMJ,double,both,3.626908302307129
256,1702049349.353446,-916122,-1073270,-916122,-1073270,125.17371801669263,600.1144432331907,130.36151403042317,624.9860485966432,Max Werner,CMJ,double,both,3.641151189804077
257,1702049349.367606,-914288,-1073598,-914288,-1073598,124.9471413849301,599.0281775907362,130.40289408031893,625.1844350151152,Max Werner,CMJ,double,both,3.655311107635498
258,1702049349.38182,-912046,-1074730,-912046,-1074730,124.67015948285182,597.7002563418905,130.5457057159348,625.8691100935004,Max Werner,CMJ,double,both,3.669525146484375
259,1702049349.3960042,-909512,-1079626,-909512,-1079626,124.35710322064557,596.1993854923923,131.16337865584225,628.83039029118,Max Werner,CMJ,double,both,3.6837093830108643
260,1702049349.410248,-906901,-1082961,-906901,-1082961,124.03453419909053,594.6529080701193,131.58411788267873,630.8475204911927,Max Werner,CMJ,double,both,3.697953224182129
261,1702049349.4246452,-905022,-1086366,-905022,-1086366,123.80239816251375,593.5399892357834,132.01368821772468,632.9069892561231,Max Werner,CMJ,double,both,3.712350368499756
262,1702049349.438723,-902909,-1089764,-902909,-1089764,123.54135322090295,592.2884738036644,132.44237544194968,634.9622241645618,Max Werner,CMJ,double,both,3.726428270339966
263,1702049349.453096,-899790,-1098374,-899790,-1098374,123.15602469611161,590.4411114597083,133.5286017517134,640.1698676494519,Max Werner,CMJ,double,both,3.7408010959625244
264,1702049349.467223,-896291,-1102798,-896291,-1102798,122.72375008622225,588.3686777176426,134.08672779055135,642.8456649522573,Max Werner,CMJ,double,both,3.7549281120300293
265,1702049349.4814138,-887448,-1104593,-887448,-1104593,121.63126526905975,583.1310293663748,134.3131826367797,643.9313467240781,Max Werner,CMJ,double,both,3.7691190242767334
266,1702049349.49557,-881381,-1103813,-881381,-1103813,120.88173395777117,579.5375868076118,134.21477885958853,643.4595741435654,Max Werner,CMJ,double,both,3.7832751274108887
267,1702049349.509959,-873568,-1102356,-873568,-1102356,119.91649773969013,574.9100004038512,134.03096565014303,642.5783271566333,Max Werner,CMJ,double,both,3.797664165496826
268,1702049349.524384,-864164,-1102396,-864164,-1102396,118.75470567584345,569.3400755937955,134.0360119976913,642.6025206223007,Max Werner,CMJ,double,both,3.812089204788208
269,1702049349.5383291,-843662,-1102944,-843662,-1102944,116.22184084247633,557.1968813726385,134.1051469591025,642.933971101943,Max Werner,CMJ,double,both,3.8260343074798584
270,1702049349.5541172,-833701,-1095985,-833701,-1095985,114.9912357012623,551.2970492764066,133.22720864439336,638.7249129124714,Max Werner,CMJ,double,both,3.841822385787964
271,1702049349.566779,-823136,-1081312,-823136,-1081312,113.68601099320826,545.0394721158112,131.37608220500158,629.8501448690575,Max Werner,CMJ,double,both,3.8544840812683105
272,1702049349.581111,-792254,-1053803,-792254,-1053803,109.87077678269007,526.7482749673491,127.905582837372,613.2116936930014,Max Werner,CMJ,double,both,3.8688161373138428
273,1702049349.595333,-770277,-1013548,-770277,-1013548,107.15568701374511,513.7314483456356,122.82706482348824,588.8639946820545,Max Werner,CMJ,double,both,3.883038282394409
274,1702049349.609684,-745864,-914156,-745864,-914156,104.13964813085603,499.2717956034101,110.28790043556289,528.748071191903,Max Werner,CMJ,double,both,3.8973891735076904
275,1702049349.62406,-721399,-860630,-721399,-860630,101.11718504684828,484.7813436172328,103.53513046385397,496.3735851091817,Max Werner,CMJ,double,both,3.9117650985717773
276,1702049349.63822,-660900,-806972,-660900,-806972,93.64299767225661,448.94820015875155,96.76570754523578,463.91926058975815,Max Werner,CMJ,double,both,3.9259252548217773
277,1702049349.652792,-616401,-700876,-616401,-700876,88.1454875649498,422.5917471469835,83.38077530822146,399.7485122537643,Max Werner,CMJ,double,both,3.9404971599578857
278,1702049349.66694,-564376,-648094,-564376,-648094,81.71819788804387,391.7776958663427,76.72186740091024,367.82402463245506,Max Werner,CMJ,double,both,3.9546451568603516
279,1702049349.681298,-509391,-598608,-509391,-598608,74.92522291669026,359.21045685306007,70.47877853157595,337.89307858213283,Max Werner,CMJ,double,both,3.969003200531006
280,1702049349.69561,-406288,-557078,-406288,-557078,62.187638148635834,298.14325590759336,65.23940818959127,312.77421285304,Max Werner,CMJ,double,both,3.9833152294158936
281,1702049349.709992,-363882,-497483,-363882,-497483,56.94870213635573,273.026472464886,57.72098113612207,276.7289731919448,Max Werner,CMJ,double,both,3.997697114944458
282,1702049349.724282,-330700,-476122,-330700,-476122,52.84932056866534,253.37300106470875,55.02610538666061,263.8090576889554,Max Werner,CMJ,double,both,4.011987209320068
283,1702049349.73861,-309509,-460664,-309509,-460664,50.23133507047575,240.82171686119008,53.07594437663415,254.45949288182047,Max Werner,CMJ,double,both,4.026315212249756
284,1702049349.753226,-290274,-439582,-290274,-439582,47.85499836821173,229.42895806478208,50.416266901321826,241.70832680186058,Max Werner,CMJ,double,both,4.040931224822998
285,1702049349.767339,-282550,-433122,-282550,-433122,46.900757417429965,224.85408575163132,49.60128177227726,237.80108209658877,Max Werner,CMJ,double,both,4.055044174194336
286,1702049349.781728,-280420,-427462,-280420,-427462,46.637612256222674,223.59250133591266,48.88722359419796,234.3777067046633,Max Werner,CMJ,double,both,4.069433212280273
287,1702049349.795962,-321935,-424356,-321935,-424356,51.766472053180856,248.1815515793687,48.49537470707529,232.49908409559606,Max Werner,CMJ,double,both,4.083667278289795
288,1702049349.810312,-348485,-451585,-348485,-451585,55.046520893581665,263.90693478938334,51.930549641867024,248.96818101198102,Max Werner,CMJ,double,both,4.09801721572876
289,1702049349.824645,-362472,-473685,-362472,-473685,56.77450745217625,272.1913391192694,54.718656662282655,262.3350707931741,Max Werner,CMJ,double,both,4.112350225448608
290,1702049349.8389618,-369538,-491757,-369538,-491757,57.647457550340924,276.37648253779906,56.99859648458814,273.2656785816683,Max Werner,CMJ,double,both,4.126667022705078
291,1702049349.853499,-410091,-532384,-410091,-532384,62.65746962660361,300.3957467681465,62.124045530670756,297.83837682332137,Max Werner,CMJ,double,both,4.141204118728638
292,1702049349.86772,-456095,-567759,-456095,-567759,68.34091093936439,327.6436009750585,66.58690914366638,319.23447302285564,Max Werner,CMJ,double,both,4.155425071716309
293,1702049349.882103,-513178,-621011,-513178,-621011,75.39307771739074,361.45347102316646,73.30511163466967,351.4432338657558,Max Werner,CMJ,double,both,4.1698081493377686
294,1702049349.89635,-576189,-799435,-576189,-799435,83.17760342294613,398.77445488178165,95.81484950845422,459.3606068213938,Max Werner,CMJ,double,both,4.1840550899505615
295,1702049349.910628,-744947,-919662,-744947,-919662,104.02635981497477,498.7286627821828,110.98253017558136,532.0783017410093,Max Werner,CMJ,double,both,4.198333263397217
296,1702049349.924949,-848119,-1034354,-848119,-1034354,116.77246900374436,559.836731955201,125.45192250071754,601.4482258489098,Max Werner,CMJ,double,both,4.212654113769531
297,1702049349.9390998,-949325,-1143012,-949325,-1143012,129.2756939732963,619.7803527895792,139.16007329819814,667.1685656608953,Max Werner,CMJ,double,both,4.226804971694946
298,1702049349.953879,-1133481,-1383050,-1133481,-1383050,152.02675515042824,728.8546906586361,169.4429526179505,812.3523434571863,Max Werner,CMJ,double,both,4.241584300994873
299,1702049349.968389,-1237497,-1514245,-1237497,-1514245,164.8771340650471,790.4626552527183,185.99434178281152,891.7038866627803,Max Werner,CMJ,double,both,4.256094217300415
300,1702049349.98284,-1353474,-1651114,-1353474,-1651114,179.20520277929063,859.1550382488716,203.26155534739374,974.4872729732836,Max Werner,CMJ,double,both,4.270545244216919
301,1702049349.9973462,-1473122,-1916468,-1473122,-1916468,193.9867953840468,930.0217294093926,236.7382680304421,1134.9830951904198,Max Werner,CMJ,double,both,4.285051345825195
302,1702049350.011734,-1699249,-2030905,-1699249,-2030905,221.9230516602545,1063.9552031996368,251.1754898899581,1204.1987859546912,Max Werner,CMJ,double,both,4.299439191818237
303,1702049350.0262709,-1832962,-2120429,-1832962,-2120429,238.44226712528325,1143.1524975559714,262.4697203377268,1258.346181464715,Max Werner,CMJ,double,both,4.313976049423218
304,1702049350.0408802,-1961018,-2194544,-1961018,-2194544,254.26260363399763,1218.9991895462404,271.8199715512157,1303.1736491630468,Max Werner,CMJ,double,both,4.328585386276245
305,1702049350.0551429,-2165292,-2304228,-2165292,-2304228,279.49908939008185,1339.9892810657332,285.65756116330925,1369.5145513693988,Max Werner,CMJ,double,both,4.342848062515259
306,1702049350.069498,-2271643,-2354042,-2271643,-2354042,292.6379396433951,1402.9802501718825,291.9420300825393,1399.643883838193,Max Werner,CMJ,double,both,4.357203245162964
307,1702049350.084105,-2369659,-2410530,-2369659,-2410530,304.7470645827821,1461.0344558484471,299.06848209019716,1433.8098960535795,Max Werner,CMJ,double,both,4.3718101978302
308,1702049350.098507,-2443474,-2510615,-2443474,-2510615,313.8663416130716,1504.7545749312055,311.69507444939615,1494.3449713364168,Max Werner,CMJ,double,both,4.386212110519409
309,1702049350.1130571,-2517409,-2531116,-2517409,-2531116,323.0004437228657,1548.545769192314,314.28145372656996,1506.744727327559,Max Werner,CMJ,double,both,4.400762319564819
310,1702049350.1274922,-2522849,-2524388,-2522849,-2524388,323.6725139937426,1551.7678439441966,313.43265806895204,1502.6753864023162,Max Werner,CMJ,double,both,4.415197372436523
311,1702049350.1419158,-2496956,-2474495,-2496956,-2474495,320.47363246362966,1536.43159733565,307.13822261331416,1472.4982718388292,Max Werner,CMJ,double,both,4.429620981216431
312,1702049350.156551,-2372345,-2434488,-2372345,-2434488,305.07889927902755,1462.625355257189,302.0909919542296,1448.3005723150193,Max Werner,CMJ,double,both,4.444256067276001
313,1702049350.1708958,-2306366,-2383725,-2306366,-2383725,296.9276999403908,1423.5464453207087,295.68679843941703,1417.597249873268,Max Werner,CMJ,double,both,4.458600997924805
314,1702049350.185365,-2240297,-2324252,-2240297,-2324252,288.76538179212565,1384.4142290004656,288.18376274597,1381.6258002824582,Max Werner,CMJ,double,both,4.47307014465332
315,1702049350.199727,-2179699,-2213478,-2179699,-2213478,281.27896372694266,1348.5224485198455,274.20866016318627,1314.6256261366716,Max Werner,CMJ,double,both,4.487432241439819
316,1702049350.214397,-2096326,-2171784,-2096326,-2171784,270.9788691141089,1299.1411914814819,268.9485997962537,1289.4075671983428,Max Werner,CMJ,double,both,4.5021021366119385
317,1702049350.228746,-2082406,-2146363,-2082406,-2146363,269.259159891571,1290.8964707928412,265.7415197706435,1274.0320149301206,Max Werner,CMJ,double,both,4.516451120376587
318,1702049350.243854,-2079461,-2126181,-2079461,-2126181,268.8953277320614,1289.152167457493,263.19538511516714,1261.8252018276755,Max Werner,CMJ,double,both,4.531559228897095
319,1702049350.257623,-2087504,-2135931,-2087504,-2135931,269.8889786858597,1293.9159812864254,264.42543233005637,1267.7223590840842,Max Werner,CMJ,double,both,4.545328140258789
320,1702049350.2720551,-2086673,-2154247,-2086673,-2154247,269.7863150102901,1293.4237856763493,266.73615487240625,1278.800547013149,Max Werner,CMJ,double,both,4.559760332107544
321,1702049350.286608,-2084485,-2174046,-2084485,-2174046,269.51600439398885,1292.1278482577611,269.233970750108,1290.7757076818298,Max Werner,CMJ,double,both,4.574313163757324
322,1702049350.301038,-2081663,-2170060,-2081663,-2170060,269.1673679409715,1290.456396980222,268.73110221692355,1288.3648288280815,Max Werner,CMJ,double,both,4.588743209838867
323,1702049350.315555,-2059387,-2155053,-2059387,-2155053,266.41533901559416,1277.2624747057857,266.83783877550377,1279.2880453463456,Max Werner,CMJ,double,both,4.603260278701782
324,1702049350.33003,-2022912,-2116246,-2022912,-2116246,261.9091325578307,1255.6585819530442,261.94199854286717,1255.8161497925555,Max Werner,CMJ,double,both,4.617735147476196
325,1702049350.3444521,-1938499,-1857081,-1938499,-1857081,251.4805539226234,1205.6613400356443,229.24608198422388,1099.063661550795,Max Werner,CMJ,double,both,4.632157325744629
326,1702049350.358922,-1427191,-1573725,-1427191,-1573725,188.312372661318,902.8171126026438,193.49826058707947,927.679570110082,Max Werner,CMJ,double,both,4.646627187728882
327,1702049350.373203,-882931,-1132663,-882931,-1132663,121.0732245680394,580.4556411946371,137.85445702877365,660.9091112561184,Max Werner,CMJ,double,both,4.660908222198486
328,1702049350.387421,-236569,-137133,-236569,-137133,41.2201575782409,197.61985428723648,12.259697660702516,58.7760893614953,Max Werner,CMJ,double,both,4.675126075744629
329,1702049350.401242,84758,-68783,84758,-68783,1.522671561688289,7.300072339049026,3.636751287607117,17.435504902465947,Max Werner,CMJ,double,both,4.6889472007751465
330,1702049350.415361,103470,-71736,103470,-71736,-0.7890525024013534,-3.782917138382014,4.009297895357676,19.221587505355686,Max Werner,CMJ,double,both,4.703066110610962
331,1702049350.429358,98240,-68659,98240,-68659,-0.1429261206576151,-0.6852239486126499,3.6211076102075,17.36050515889726,Max Werner,CMJ,double,both,4.7170631885528564
332,1702049350.443611,103177,-68935,103177,-68935,-0.7528545999441993,-3.609375244576579,3.655927408290519,17.527440072001756,Max Werner,CMJ,double,both,4.731316089630127
333,1702049350.457556,99155,-68827,99155,-68827,-0.255967351880468,-1.2271721835340588,3.642302269910207,17.462117714699996,Max Werner,CMJ,double,both,4.745261192321777
334,1702049350.4718668,100048,-69026,100048,-69026,-0.3662906518608042,-1.756089969091237,3.6674078489628186,17.582480206394905,Max Werner,CMJ,double,both,4.7595720291137695
335,1702049350.48607,102093,-68928,102093,-68928,-0.6189347150856501,-2.9673294668117625,3.6550442974695727,17.523206215509976,Max Werner,CMJ,double,both,4.773775100708008
336,1702049350.500461,100990,-67998,100990,-67998,-0.4826675259722002,-2.314030119141474,3.537716716972444,16.960708138744835,Max Werner,CMJ,double,both,4.788166284561157
337,1702049350.5151758,101721,-68736,101721,-68736,-0.5729769686212772,-2.7469964139256815,3.6308218292379073,17.407077580306847,Max Werner,CMJ,double,both,4.8028810024261475
338,1702049350.5288188,101469,-68014,101469,-68014,-0.5418443016615406,-2.5977385393899493,3.53973525599175,16.970385525011764,Max Werner,CMJ,double,both,4.816524028778076
339,1702049350.543288,101894,-67993,101894,-67993,-0.5943497915737948,-2.8494631293807675,3.5370859235289114,16.95768395553642,Max Werner,CMJ,double,both,4.830993175506592
340,1702049350.5574,101774,-68114,101774,-68114,-0.5795247120691583,-2.7783879510304192,3.5523511248624087,17.030869189180056,Max Werner,CMJ,double,both,4.845105171203613
341,1702049350.5716858,102152,-68097,102152,-68097,-0.6262237125087631,-3.002274762834017,3.5502064271543965,17.020586966271445,Max Werner,CMJ,double,both,4.8593909740448
342,1702049350.585827,102093,-68020,102093,-68020,-0.6189347150856501,-2.9673294668117625,3.540492208123989,16.97401454486186,Max Werner,CMJ,double,both,4.873532295227051
343,1702049350.6002839,101930,-68101,101930,-68101,-0.5987973154251857,-2.870785682885872,3.5507110619092233,17.02300631283818,Max Werner,CMJ,double,both,4.887989044189453
344,1702049350.614352,102015,-68299,102015,-68299,-0.6092984134076365,-2.9211306008840356,3.575690482273128,17.1427639678914,Max Werner,CMJ,double,both,4.90205717086792
345,1702049350.628624,101945,-68059,101945,-68059,-0.6006504503632653,-2.879670080179666,3.5454123969835463,16.997603173887494,Max Werner,CMJ,double,both,4.9163291454315186
346,1702049350.643051,102170,-67767,102170,-67767,-0.6284474744344586,-3.01293603958657,3.508574059881222,16.820990874516074,Max Werner,CMJ,double,both,4.930756092071533
347,1702049350.657192,102158,-67733,102158,-67733,-0.6269649664839949,-3.0058285217515346,3.504284664465198,16.800426428698856,Max Werner,CMJ,double,both,4.944897174835205
348,1702049350.6715388,102059,-67781,102059,-67781,-0.6147342758926698,-2.947191499612497,3.5103402815231144,16.829458587499637,Max Werner,CMJ,double,both,4.959244012832642
349,1702049350.685614,101905,-67558,101905,-67558,-0.5957087571950531,-2.855978354062883,3.482206893941545,16.694580016404338,Max Werner,CMJ,double,both,4.9733192920684814
350,1702049350.7002728,102300,-67470,102300,-67470,-0.644507977231148,-3.089934149466114,3.471104929335365,16.64135439193624,Max Werner,CMJ,double,both,4.987977981567383
351,1702049350.7141929,102232,-67365,102232,-67365,-0.6361070988451873,-3.049658215067583,3.457858267021173,16.57784654455953,Max Werner,CMJ,double,both,5.0018980503082275
352,1702049350.7284532,102192,-67378,102192,-67378,-0.6311654056769752,-3.0259664889508002,3.459498329974359,16.58570942090141,Max Werner,CMJ,double,both,5.01615834236145
353,1702049350.7428422,102099,-67610,102099,-67610,-0.619675969060882,-2.97088322572928,3.4887671457542875,16.72603152177185,Max Werner,CMJ,double,both,5.030547380447388
354,1702049350.756924,102205,-67781,102205,-67781,-0.6327714559566442,-3.033666299938755,3.5103402815231144,16.829458587499637,Max Werner,CMJ,double,both,5.044629096984863
355,1702049350.7712908,102200,-67740,102200,-67740,-0.6321537443106177,-3.030704834174157,3.5051677752861443,16.804660285190636,Max Werner,CMJ,double,both,5.058995962142944
356,1702049350.785408,102383,-67641,102383,-67641,-0.6547619905551882,-3.1390944811584385,3.492678065104192,16.744781457664025,Max Werner,CMJ,double,both,5.073113203048706
357,1702049350.7996302,102181,-67484,102181,-67484,-0.6298064400557168,-3.019451264268685,3.4728711509772574,16.6498221049198,Max Werner,CMJ,double,both,5.0873353481292725
358,1702049350.813879,102179,-67471,102179,-67471,-0.6295593553973062,-3.0182666779628455,3.4712310880240715,16.64195922857792,Max Werner,CMJ,double,both,5.101584196090698
359,1702049350.828098,102078,-67499,102078,-67499,-0.6170815801475706,-2.958445069517969,3.474763531307856,16.658894654545044,Max Werner,CMJ,double,both,5.115803241729736
360,1702049350.842533,102060,-67461,102060,-67461,-0.6148578182218751,-2.9477837927654167,3.4699695011370055,16.635910862161094,Max Werner,CMJ,double,both,5.13023829460144
361,1702049350.8566232,102188,-67406,102188,-67406,-0.630671236360154,-3.0235973163391217,3.463030773258143,16.60264484686853,Max Werner,CMJ,double,both,5.144328355789185
362,1702049350.870878,102163,-67266,102163,-67266,-0.6275826781300214,-3.0087899875161326,3.4453685568392207,16.517967717032917,Max Werner,CMJ,double,both,5.158583164215088
363,1702049350.885252,102132,-67355,102132,-67355,-0.6237528659246571,-2.990428899775626,3.456596680134107,16.5717981781427,Max Werner,CMJ,double,both,5.172957181930542
364,1702049350.899332,102223,-67655,102223,-67655,-0.6349952178823396,-3.0443275766913067,3.494444286746084,16.75324917064758,Max Werner,CMJ,double,both,5.187037229537964
365,1702049350.913729,102114,-67624,102114,-67624,-0.6215291039989616,-2.9797676230230734,3.49053336739618,16.734499234755415,Max Werner,CMJ,double,both,5.201434135437012
366,1702049350.927781,102240,-67509,102240,-67509,-0.6370954374788298,-3.0543965602909395,3.476025118194922,16.664943020961875,Max Werner,CMJ,double,both,5.215486288070679
367,1702049350.942303,102116,-67411,102116,-67411,-0.6217761886573722,-2.9809522093289127,3.4636615667016764,16.605669030076946,Max Werner,CMJ,double,both,5.230008125305176
368,1702049350.956353,102194,-67318,102194,-67318,-0.6314124903353858,-3.027151075256639,3.4519288086519633,16.54941922240043,Max Werner,CMJ,double,both,5.244058132171631
369,1702049350.970815,101930,-67485,101930,-67485,-0.5987973154251857,-2.870785682885872,3.472997309665964,16.650426941561484,Max Werner,CMJ,double,both,5.258520126342773
370,1702049350.984873,101860,-67649,101860,-67649,-0.5901493523808145,-2.8293251621815023,3.4936873346138446,16.749620150797487,Max Werner,CMJ,double,both,5.272578239440918
371,1702049350.9990919,101864,-67658,101864,-67658,-0.5906435216976357,-2.831694334793181,3.4948227628122037,16.755063680572633,Max Werner,CMJ,double,both,5.286797046661377
372,1702049351.0134668,101693,-67714,101693,-67714,-0.5695177834035287,-2.7304122056439333,3.501887649379773,16.78893453250688,Max Werner,CMJ,double,both,5.3011720180511475
373,1702049351.0271869,96349,-67777,96349,-67777,0.09069242386961415,0.4348024035582616,3.509835646768288,16.827039240932905,Max Werner,CMJ,double,both,5.314892053604126
374,1702049351.041943,-627669,-1785681,-627669,-432379,89.53756253043517,429.26570639408123,49.507545866568265,237.35168847181833,Max Werner,CMJ,double,both,5.32964825630188
375,1702049351.0563562,-3895238,-4081027,-3895238,-796981,493.2206476294801,2364.6244517863356,95.50525608636825,457.87633770270384,Max Werner,CMJ,double,both,5.344061374664307
376,1702049351.070945,-1662436,-2764614,-1662436,-1161583,217.37508789521965,1042.1511153612084,141.50296630616822,678.4009869335893,Max Werner,CMJ,double,both,5.358650207519531
377,1702049351.0853708,-1009619,-1526186,-1009619,-1526186,136.72455517040092,655.492076151712,187.50080268465692,898.9262410011164,Max Werner,CMJ,double,both,5.37307596206665
378,1702049351.099798,-1047616,-1961053,-1047616,-1961053,141.41879305321484,677.997439083197,242.3630531664254,1161.949736859854,Max Werner,CMJ,double,both,5.387503147125244
379,1702049351.114222,-2080322,-2503011,-2080322,-2503011,269.0016976775072,1289.6621318621571,310.73576378047125,1489.7457935130599,Max Werner,CMJ,double,both,5.40192723274231
380,1702049351.1288772,-2080578,-2530254,-2080578,-2530254,269.0333245137837,1289.8137589093044,314.1727049369049,1506.2233581424284,Max Werner,CMJ,double,both,5.416582345962524
381,1702049351.143198,-2071947,-2504000,-2071947,-2504000,267.9670306704128,1284.7016767064556,310.8605347236021,1490.3439769516845,Max Werner,CMJ,double,both,5.430903196334839
382,1702049351.1576269,-2068751,-2416457,-2068751,-2416457,267.5721893862726,1282.8087077897246,299.8162246381611,1437.3947628288342,Max Werner,CMJ,double,both,5.445332050323486
383,1702049351.172461,-1945641,-2349203,-1945641,-2349203,252.36289323780767,1209.891497733796,291.33154818788813,1396.7170793290893,Max Werner,CMJ,double,both,5.4601662158966064
384,1702049351.186574,-2068205,-2477053,-2068205,-2477053,267.5047352745265,1282.4853157282305,307.4609365390256,1474.0454439682542,Max Werner,CMJ,double,both,5.474279165267944
385,1702049351.202469,-2281939,-2521931,-2281939,-2521931,293.9099314648929,1409.0785004743425,313.1226861707999,1501.1893027737012,Max Werner,CMJ,double,both,5.490174293518066
386,1702049351.215504,-2444694,-2529517,-2444694,-2529517,314.01706325470207,1505.4771725777673,314.0797259833281,1505.777593537508,Max Werner,CMJ,double,both,5.503209114074707
387,1702049351.23005,-2383872,-2535873,-2383872,-2535873,306.50297170777714,1469.4527184308934,314.8815906087472,1509.621935232045,Max Werner,CMJ,double,both,5.5177552700042725
388,1702049351.244477,-2365110,-2552758,-2365110,-2552758,304.1850705272272,1458.3401142958162,317.011780067558,1519.8346019268615,Max Werner,CMJ,double,both,5.532182216644287
389,1702049351.2590048,-2399940,-2596427,-2399940,-2596427,308.48804985344793,1478.969684812005,322.52100384468605,1546.247213232514,Max Werner,CMJ,double,both,5.546710014343262
390,1702049351.273618,-2418211,-2612289,-2418211,-2612289,310.74529175035804,1489.7914730089983,324.52213296494995,1555.8411320428888,Max Werner,CMJ,double,both,5.561323165893555
391,1702049351.287991,-2352954,-2523755,-2352954,-2523755,302.6832899734075,1451.1401987289257,313.35279961900073,1502.2925248081308,Max Werner,CMJ,double,both,5.575696229934692
392,1702049351.302508,-2285115,-2453055,-2285115,-2453055,294.30230190244896,1410.959623528015,304.43338032744487,1459.5305742411467,Max Werner,CMJ,double,both,5.590213298797607
393,1702049351.3169332,-2178106,-2387256,-2178106,-2387256,281.0821607965186,1347.5789255272446,296.13226476923995,1419.7329280550505,Max Werner,CMJ,double,both,5.604638338088989
394,1702049351.331454,-2097219,-2270545,-2097219,-2270545,271.0891924140892,1299.6701092670392,281.4081580516052,1349.1418387675922,Max Werner,CMJ,double,both,5.61915922164917
395,1702049351.345794,-2006161,-2194324,-2006161,-2194324,259.8396750013127,1245.7370793484888,271.79221663970026,1303.0405851018766,Max Werner,CMJ,double,both,5.6334991455078125
396,1702049351.3602612,-1919954,-2098269,-1919954,-2098269,249.18946142751105,1194.677263514751,259.6740437959888,1244.9430014850211,Max Werner,CMJ,double,both,5.647966384887695
397,1702049351.3746922,-1750416,-1998801,-1750416,-1998801,228.24434201870227,1094.2610669550725,247.12529134772174,1184.781110410102,Max Werner,CMJ,double,both,5.662397384643555
398,1702049351.3900201,-1658472,-1810427,-1658472,-1810427,216.88536610224983,1039.8032653030355,223.36027452130665,1070.8456128697187,Max Werner,CMJ,double,both,5.677725315093994
399,1702049351.403722,-1580605,-1713505,-1580605,-1713505,207.26549555402045,993.683174364647,211.13272209448655,1012.2236358845241,Max Werner,CMJ,double,both,5.691427230834961
400,1702049351.41824,-1433051,-1624353,-1433051,-1624353,189.03633071046107,906.2879504787525,199.88542267891668,958.3012396052061,Max Werner,CMJ,double,both,5.705945253372192
401,1702049351.432739,-1361431,-1479494,-1361431,-1479494,180.18822909277722,863.8679148666527,181.61020119156882,870.6852085276563,Max Werner,CMJ,double,both,5.720444202423096
402,1702049351.4471722,-1295062,-1413574,-1295062,-1413574,171.9888482457504,824.5580106005334,173.29382043203043,830.8143771079165,Max Werner,CMJ,double,both,5.734877347946167
403,1702049351.461612,-1237454,-1353180,-1237454,-1353180,164.8718217448913,790.4371866471429,165.67459258628466,794.2858729701167,Max Werner,CMJ,double,both,5.749317169189453
404,1702049351.4761002,-1152878,-1220854,-1152878,-1220854,154.42310571002352,740.343400945817,148.98051794449648,714.2502595227791,Max Werner,CMJ,double,both,5.763805389404297
405,1702049351.490465,-1101442,-1154640,-1101442,-1154640,148.06858246501952,709.8782103322459,140.62704653047837,674.2016061303846,Max Werner,CMJ,double,both,5.778170108795166
406,1702049351.505259,-1049471,-1085360,-1049471,-1085360,141.64796407389068,679.0961428818628,131.88677257688585,632.29852359459,Max Werner,CMJ,double,both,5.792964220046997
407,1702049351.519027,-931199,-1002353,-931199,-1002353,127.03636571412099,609.044447099759,121.41471830341797,582.0928484784138,Max Werner,CMJ,double,both,5.806732177734375
408,1702049351.5336478,-883343,-748906,-883343,-748906,121.12412400767198,580.69966597364,89.44017712679896,428.7988161537962,Max Werner,CMJ,double,both,5.821352958679199
409,1702049351.5478342,-819425,-613763,-819425,-613763,113.22754540952738,542.8414722253268,72.39071345892432,347.05937788683786,Max Werner,CMJ,double,both,5.8355393409729
410,1702049351.562218,-750041,-479247,-750041,-479247,104.65568443994658,501.74580410315514,55.4203512888687,265.6991721942146,Max Werner,CMJ,double,both,5.849923133850098
411,1702049351.576503,-652036,-222155,-652036,-222155,92.5479184661808,443.6981136512725,22.985961691914174,110.20051031066272,Max Werner,CMJ,double,both,5.864208221435547
412,1702049351.591282,-615360,-110675,-615360,-110675,88.01688000024708,421.97516997479426,8.921791074903568,42.77332149584792,Max Werner,CMJ,double,both,5.878987073898315
413,1702049351.605092,-597245,-77082,-597245,-77082,85.77891070669301,411.2457795096562,4.683742245183105,22.455044191792716,Max Werner,CMJ,double,both,5.892797231674194
414,1702049351.619238,-584833,-75469,-584833,-75469,84.24550331659678,403.89423689561846,4.480248280299375,21.479442688758123,Max Werner,CMJ,double,both,5.906943082809448
415,1702049351.633785,-532127,-74341,-532127,-74341,77.73408131350205,372.67683397783946,4.3379412794383425,20.79718695693976,Max Werner,CMJ,double,both,5.92149019241333
416,1702049351.647964,-489322,-73876,-489322,-73876,72.44585191186901,347.32372556711715,4.279277489189778,20.515937918557192,Max Werner,CMJ,double,both,5.935669183731079
417,1702049351.662234,-445876,-73493,-445876,-73493,67.0784318772154,321.5909572453734,4.230958711415154,20.28428548479262,Max Werner,CMJ,double,both,5.949939250946045
418,1702049351.676472,-385939,-73238,-385939,-73238,59.67367529163711,286.090682538833,4.198788245794974,20.130052141163475,Max Werner,CMJ,double,both,5.964177131652832
419,1702049351.690741,-386571,-73184,-386571,-73184,59.75175404369486,286.4650118114782,4.191975676604818,20.09739096251259,Max Werner,CMJ,double,both,5.9784462451934814
420,1702049351.705185,-416661,-73203,-416661,-73203,63.46914272948245,304.2871127828281,4.194372691690243,20.10888285870457,Max Werner,CMJ,double,both,5.992890119552612
421,1702049351.7193558,-465053,-73339,-465053,-73339,69.44760312438551,332.94936303891205,4.211530273354339,20.191140641973448,Max Werner,CMJ,double,both,6.007061004638672
422,1702049351.73372,-565284,-73304,-565284,-73304,81.8303743229623,392.3154980491937,4.207114719249609,20.16997135951455,Max Werner,CMJ,double,both,6.021425247192383
423,1702049351.74835,-607375,-73226,-607375,-73226,87.03039450154273,417.2457091487314,4.197274341530495,20.122794101463278,Max Werner,CMJ,double,both,6.036055088043213
424,1702049351.762363,-651928,-73142,-651928,-73142,92.53457589462663,443.63414599075713,4.186677011679141,20.071987823561905,Max Werner,CMJ,double,both,6.050068140029907
425,1702049351.7764852,-699439,-73342,-699439,-73342,98.40419549749981,471.77458597911897,4.211908749420459,20.1929551518985,Max Werner,CMJ,double,both,6.06419038772583
426,1702049351.7907462,-823437,-73566,-823437,-73566,113.72319723429906,545.2177523548402,4.240168295690735,20.328438559635476,Max Werner,CMJ,double,both,6.07845139503479
427,1702049351.80497,-904944,-73761,-904944,-73761,123.79276186083574,593.4937903698557,4.26476923998852,20.446381704763652,Max Werner,CMJ,double,both,6.09267520904541
428,1702049351.819416,-1005613,-73918,-1005613,-73918,136.22964459960448,653.1193497811163,4.284576154115455,20.541341057507875,Max Werner,CMJ,double,both,6.107121229171753
429,1702049351.833865,-1248751,-74600,-1248751,-74600,166.2674794379236,797.1283223956752,4.370616379813349,20.953839647135645,Max Werner,CMJ,double,both,6.121570110321045
430,1702049351.848243,-1358759,-74759,-1358759,-74759,179.85812398914064,862.2853075620515,4.390675611317697,21.050008673163234,Max Werner,CMJ,double,both,6.135948181152344
431,1702049351.8625019,-1438542,-74675,-1438542,-74675,189.7147016401274,909.5402321814338,4.380078281466343,20.999202395261864,Max Werner,CMJ,double,both,6.150207042694092
432,1702049351.876781,-1485497,-74425,-1485497,-74425,195.51563170796243,937.3513571767724,4.348538609289696,20.847993234841127,Max Werner,CMJ,double,both,6.1644861698150635
433,1702049351.89128,-1527936,-74314,-1527936,-74314,200.7586446171063,962.487686293526,4.334534994843264,20.780856367614323,Max Werner,CMJ,double,both,6.178985118865967
434,1702049351.905519,-1522049,-74160,-1522049,-74160,200.0313509250747,959.0008565022886,4.31510655678245,20.687711524795148,Max Werner,CMJ,double,both,6.193224191665649
435,1702049351.919733,-1490383,-73832,-1490383,-73832,196.11925952845954,940.2453015219373,4.273726506886688,20.489325106323143,Max Werner,CMJ,double,both,6.207438230514526
436,1702049351.934108,-1430712,-72972,-1430712,-72972,188.74736520244986,904.9025767940735,4.165230034599021,19.969165594475808,Max Werner,CMJ,double,both,6.221813201904297
437,1702049351.9484649,-1208947,-72118,-1208947,-72118,161.35000056623568,773.5526857368645,4.057490514443593,19.45263510247857,Max Werner,CMJ,double,both,6.236170053482056
438,1702049351.962852,-1066844,-71765,-1066844,-71765,143.79426495917443,689.3860518275345,4.012956497330167,19.23912776796449,Max Werner,CMJ,double,both,6.25055718421936
439,1702049351.9770691,-904778,-70576,-904778,-70576,123.77225383418767,593.3954697064711,3.8629538164580324,18.51997700100347,Max Werner,CMJ,double,both,6.264774322509766
440,1702049351.991374,-543893,-69968,-543893,-69968,79.18768035893164,379.6457552150911,3.7862493337244256,18.152236322860237,Max Werner,CMJ,double,both,6.27907919883728
441,1702049352.005572,-358980,-69637,-358980,-69637,56.34309763859133,270.12305142927426,3.7444908077625447,17.952035394463184,Max Werner,CMJ,double,both,6.293277263641357
442,1702049352.020304,-183860,-69393,-183860,-69393,34.70836494815855,166.40067448999872,3.7137080877181368,17.804455253892545,Max Werner,CMJ,double,both,6.308009147644043
443,1702049352.03404,-35467,-69246,-35467,-69246,16.375548090395924,78.50851664880463,3.695162760478268,17.71554426756515,Max Werner,CMJ,double,both,6.321745157241821
444,1702049352.047877,95155,-67880,95155,-67880,0.23820196494074675,1.142000428144231,3.5228299917050667,16.889337415026247,Max Werner,CMJ,double,both,6.335582256317139
445,1702049352.062047,94631,-70166,94631,-70166,0.30293814544432585,1.4523620402740869,3.8112287540883307,18.27199397791346,Max Werner,CMJ,double,both,6.349752187728882
446,1702049352.0759501,94365,-69634,94365,-69634,0.3358004050129366,1.6099120189506932,3.744112331696425,17.950220884538133,Max Werner,CMJ,double,both,6.36365532875061
447,1702049352.0900302,95619,-69666,95619,-69666,0.18087832418948582,0.8671764051895494,3.748149409735036,17.96957565707199,Max Werner,CMJ,double,both,6.377735376358032
448,1702049352.103966,95390,-69311,95390,-69311,0.20916951757750038,1.0028115372081317,3.7033630752441966,17.754858649274542,Max Werner,CMJ,double,both,6.391671180725098
449,1702049352.118019,94867,-69598,94867,-69598,0.2737821557518742,1.312580856185068,3.7395706189029876,17.92844676543755,Max Werner,CMJ,double,both,6.405724287033081
450,1702049352.132128,95362,-69566,95362,-69566,0.21262870279524887,1.0193957454898797,3.7355335408643766,17.909091992903694,Max Werner,CMJ,double,both,6.419833183288574
451,1702049352.145996,95449,-69345,95449,-69345,0.20188052015438746,0.9678662411858767,3.7076524706602205,17.775423095091764,Max Werner,CMJ,double,both,6.433701276779175
452,1702049352.1602519,95715,-69549,95715,-69549,0.16901826058577668,0.8103162625092705,3.733388843156365,17.898809769995083,Max Werner,CMJ,double,both,6.4479570388793945
453,1702049352.1741729,95686,-69572,95686,-69572,0.17260098813273048,0.8274927639439381,3.7362904929966163,17.912721012753792,Max Werner,CMJ,double,both,6.461878061294556
454,1702049352.1880598,95863,-69551,95863,-69551,0.15073399586339173,0.7226568758771738,3.733641160533778,17.90001944327845,Max Werner,CMJ,double,both,6.475764989852905
455,1702049352.2019079,95981,-69378,95981,-69378,0.1361560010171659,0.6527662838326642,3.711815707387538,17.7953827042673,Max Werner,CMJ,double,both,6.489613056182861
456,1702049352.2148778,-101,-69470,95981,-69470,0.1361560010171659,0.6527662838326642,3.723422306748544,17.85102767530213,Max Werner,CMJ,double,both,6.502583026885986
457,1702049352.229125,96247,-69537,95981,-69537,0.1361560010171659,0.6527662838326642,3.7318749388918855,17.89155173029489,Max Werner,CMJ,double,both,6.516830205917358
