Unnamed: 0,Timestamp,s1,s2,s1_clean,s2_clean,force_N,athletes_name,protocol_name,protocol_type,leg,elapsed_time_sec
0,1698178488.858808,234466,-101,234466,-101,155.7198642331099,zMax,ISO Quad Extension R,single,right,0.0
1,1698178488.8717592,234418,-101,234418,-101,155.68489422030385,zMax,ISO Quad Extension R,single,right,0.0129511356353759
2,1698178488.8849669,233720,-101,233720,-101,155.17637195074914,zMax,ISO Quad Extension R,single,right,0.0261588096618652
3,1698178488.897989,232742,-101,232742,-101,154.46385793982574,zMax,ISO Quad Extension R,single,right,0.0391809940338134
4,1698178488.911392,232397,-101,232397,-101,154.21251097278224,zMax,ISO Quad Extension R,single,right,0.0525839328765869
5,1698178488.924648,233513,-101,233513,-101,155.025563770523,zMax,ISO Quad Extension R,single,right,0.0658400058746337
6,1698178488.9381602,234158,-101,234158,-101,155.4954733176044,zMax,ISO Quad Extension R,single,right,0.0793521404266357
7,1698178488.951113,234502,-101,234502,-101,155.7460917427144,zMax,ISO Quad Extension R,single,right,0.0923049449920654
8,1698178488.964266,234755,-101,234755,-101,155.93041285187968,zMax,ISO Quad Extension R,single,right,0.1054580211639404
9,1698178488.97755,235219,-101,235219,-101,156.26845630900488,zMax,ISO Quad Extension R,single,right,0.1187419891357421
10,1698178488.9908218,235015,-101,235015,-101,156.11983375457913,zMax,ISO Quad Extension R,single,right,0.1320137977600097
11,1698178489.0038478,234118,-101,234118,-101,155.466331640266,zMax,ISO Quad Extension R,single,right,0.1450397968292236
12,1698178489.016871,233858,-101,233858,-101,155.27691073756654,zMax,ISO Quad Extension R,single,right,0.1580629348754882
13,1698178489.030188,233866,-101,233866,-101,155.2827390730342,zMax,ISO Quad Extension R,single,right,0.1713800430297851
14,1698178489.043338,234426,-101,234426,-101,155.69072255577152,zMax,ISO Quad Extension R,single,right,0.1845300197601318
15,1698178489.056654,235277,-101,235277,-101,156.31071174114552,zMax,ISO Quad Extension R,single,right,0.1978459358215332
16,1698178489.069612,236303,-101,236303,-101,157.05819576487494,zMax,ISO Quad Extension R,single,right,0.2108039855957031
17,1698178489.082658,236235,-101,236235,-101,157.0086549133997,zMax,ISO Quad Extension R,single,right,0.2238500118255615
18,1698178489.096156,235559,-101,235559,-101,156.5161605663811,zMax,ISO Quad Extension R,single,right,0.2373478412628173
19,1698178489.109149,234567,-101,234567,-101,155.79344696838928,zMax,ISO Quad Extension R,single,right,0.2503409385681152
20,1698178489.122282,234214,-101,234214,-101,155.5362716658781,zMax,ISO Quad Extension R,single,right,0.2634739875793457
21,1698178489.135542,234501,-101,234501,-101,155.745363200781,zMax,ISO Quad Extension R,single,right,0.2767338752746582
22,1698178489.1483672,235767,-101,235767,-101,156.6676972885407,zMax,ISO Quad Extension R,single,right,0.2895591259002685
23,1698178489.161509,236064,-101,236064,-101,156.88407424277815,zMax,ISO Quad Extension R,single,right,0.3027009963989258
24,1698178489.174664,235808,-101,235808,-101,156.69756750781252,zMax,ISO Quad Extension R,single,right,0.3158559799194336
25,1698178489.188086,235247,-101,235247,-101,156.28885548314173,zMax,ISO Quad Extension R,single,right,0.3292779922485351
26,1698178489.20114,234547,-101,234547,-101,155.77887612972012,zMax,ISO Quad Extension R,single,right,0.3423318862915039
27,1698178489.2142878,234497,-101,234497,-101,155.74244903304714,zMax,ISO Quad Extension R,single,right,0.3554797172546386
28,1698178489.2276008,234845,-101,234845,-101,155.99598162589103,zMax,ISO Quad Extension R,single,right,0.3687927722930908
29,1698178489.242298,235104,-101,235104,-101,156.18467398665703,zMax,ISO Quad Extension R,single,right,0.3834900856018066
30,1698178489.253763,235548,-101,235548,-101,156.50814660511307,zMax,ISO Quad Extension R,single,right,0.3949549198150635
31,1698178489.267275,236042,-101,236042,-101,156.86804632024203,zMax,ISO Quad Extension R,single,right,0.4084670543670654
32,1698178489.27879,-101,-101,236042,-101,156.86804632024203,zMax,ISO Quad Extension R,single,right,0.4199819564819336
33,1698178489.29223,235831,-101,235831,-101,156.71432397228207,zMax,ISO Quad Extension R,single,right,0.4334218502044678
34,1698178489.305328,234891,-101,234891,-101,156.02949455483017,zMax,ISO Quad Extension R,single,right,0.4465200901031494
35,1698178489.3186328,234062,-101,234062,-101,155.42553329199228,zMax,ISO Quad Extension R,single,right,0.459824800491333
36,1698178489.331556,233619,-101,233619,-101,155.1027892154697,zMax,ISO Quad Extension R,single,right,0.4727480411529541
37,1698178489.344974,233272,-101,233272,-101,154.84998516455929,zMax,ISO Quad Extension R,single,right,0.4861660003662109
38,1698178489.358142,233114,-101,233114,-101,154.73487553907268,zMax,ISO Quad Extension R,single,right,0.4993338584899902
39,1698178489.37105,232690,-101,232690,-101,154.42597375928585,zMax,ISO Quad Extension R,single,right,0.5122418403625488
40,1698178489.38394,232358,-101,232358,-101,154.18409783737732,zMax,ISO Quad Extension R,single,right,0.5251319408416748
41,1698178489.397131,231758,-101,231758,-101,153.7469726773016,zMax,ISO Quad Extension R,single,right,0.538322925567627
42,1698178489.410534,231460,-101,231460,-101,153.52986718113067,zMax,ISO Quad Extension R,single,right,0.5517258644104004
43,1698178489.423706,231358,-101,231358,-101,153.45555590391783,zMax,ISO Quad Extension R,single,right,0.5648980140686035
44,1698178489.437034,231962,-101,231962,-101,153.89559523172736,zMax,ISO Quad Extension R,single,right,0.57822585105896
45,1698178489.450075,232436,-101,232436,-101,154.24092410818713,zMax,ISO Quad Extension R,single,right,0.5912668704986572
46,1698178489.4631732,232493,-101,232493,-101,154.28245099839435,zMax,ISO Quad Extension R,single,right,0.6043651103973389
47,1698178489.47647,232251,-101,232251,-101,154.10614385049715,zMax,ISO Quad Extension R,single,right,0.6176619529724121
48,1698178489.489582,231584,-101,231584,-101,153.6202063808797,zMax,ISO Quad Extension R,single,right,0.6307740211486816
49,1698178489.502809,231512,-101,231512,-101,153.56775136167056,zMax,ISO Quad Extension R,single,right,0.6440010070800781
50,1698178489.516154,232437,-101,232437,-101,154.2416526501206,zMax,ISO Quad Extension R,single,right,0.6573460102081299
51,1698178489.5292711,233105,-101,233105,-101,154.72831866167155,zMax,ISO Quad Extension R,single,right,0.6704630851745605
52,1698178489.5422468,233408,-101,233408,-101,154.94906686750977,zMax,ISO Quad Extension R,single,right,0.683438777923584
53,1698178489.5553658,233139,-101,233139,-101,154.75308908740917,zMax,ISO Quad Extension R,single,right,0.6965577602386475
54,1698178489.568514,232292,-101,232292,-101,154.13601406976898,zMax,ISO Quad Extension R,single,right,0.7097060680389404
55,1698178489.581714,231679,-101,231679,-101,153.6894178645583,zMax,ISO Quad Extension R,single,right,0.7229058742523193
56,1698178489.595006,231972,-101,231972,-101,153.9028806510619,zMax,ISO Quad Extension R,single,right,0.7361979484558105
57,1698178489.608057,232333,-101,232333,-101,154.16588428904083,zMax,ISO Quad Extension R,single,right,0.7492489814758301
58,1698178489.6212878,232508,-101,232508,-101,154.29337912739624,zMax,ISO Quad Extension R,single,right,0.7624797821044922
59,1698178489.634676,232510,-101,232510,-101,154.29483621126317,zMax,ISO Quad Extension R,single,right,0.7758679389953613
60,1698178489.647697,232459,-101,232459,-101,154.2576805726567,zMax,ISO Quad Extension R,single,right,0.7888889312744141
61,1698178489.660861,232008,-101,232008,-101,153.9291081606665,zMax,ISO Quad Extension R,single,right,0.8020529747009277
62,1698178489.67391,231593,-101,231593,-101,153.6267632582808,zMax,ISO Quad Extension R,single,right,0.8151018619537354
63,1698178489.6869812,231654,-101,231654,-101,153.6712043162218,zMax,ISO Quad Extension R,single,right,0.8281731605529785
64,1698178489.700192,231565,-101,231565,-101,153.60636408414393,zMax,ISO Quad Extension R,single,right,0.8413839340209961
65,1698178489.7135072,231445,-101,231445,-101,153.5189390521288,zMax,ISO Quad Extension R,single,right,0.8546991348266602
66,1698178489.7267,231339,-101,231339,-101,153.44171360718207,zMax,ISO Quad Extension R,single,right,0.8678920269012451
67,1698178489.739983,232055,-101,232055,-101,153.9633496315391,zMax,ISO Quad Extension R,single,right,0.8811750411987305
68,1698178489.753089,232351,-101,232351,-101,154.1789980438431,zMax,ISO Quad Extension R,single,right,0.8942809104919434
69,1698178489.766114,232414,-101,232414,-101,154.22489618565103,zMax,ISO Quad Extension R,single,right,0.9073059558868408
70,1698178489.7792451,232056,-101,232056,-101,153.96407817347253,zMax,ISO Quad Extension R,single,right,0.9204370975494384
71,1698178489.791093,-101,-101,232056,-101,153.96407817347253,zMax,ISO Quad Extension R,single,right,0.9322850704193116
72,1698178489.804306,230976,-101,230976,-101,153.17725288533632,zMax,ISO Quad Extension R,single,right,0.945497989654541
73,1698178489.817603,231000,-101,231000,-101,153.19473789173932,zMax,ISO Quad Extension R,single,right,0.9587950706481934
74,1698178489.830824,230798,-101,230798,-101,153.04757242118052,zMax,ISO Quad Extension R,single,right,0.9720158576965332
75,1698178489.843977,230424,-101,230424,-101,152.77509773806665,zMax,ISO Quad Extension R,single,right,0.9851689338684082
76,1698178489.857179,230152,-101,230152,-101,152.57693433216568,zMax,ISO Quad Extension R,single,right,0.998370885848999
77,1698178489.869955,230193,-101,230193,-101,152.60680455143753,zMax,ISO Quad Extension R,single,right,1.0111470222473145
78,1698178489.882983,229833,-101,229833,-101,152.34452945539212,zMax,ISO Quad Extension R,single,right,1.0241749286651611
79,1698178489.896241,229478,-101,229478,-101,152.085897069014,zMax,ISO Quad Extension R,single,right,1.0374329090118408
80,1698178489.909421,228701,-101,228701,-101,151.519819986716,zMax,ISO Quad Extension R,single,right,1.0506129264831543
81,1698178489.922776,228396,-101,228396,-101,151.29761469701086,zMax,ISO Quad Extension R,single,right,1.0639679431915283
82,1698178489.9363132,228302,-101,228302,-101,151.22913175526563,zMax,ISO Quad Extension R,single,right,1.077505111694336
83,1698178489.949331,228580,-101,228580,-101,151.43166641276738,zMax,ISO Quad Extension R,single,right,1.0905230045318604
84,1698178489.962485,228976,-101,228976,-101,151.72016901841735,zMax,ISO Quad Extension R,single,right,1.1036770343780518
85,1698178489.9756749,229495,-101,229495,-101,152.0982822818828,zMax,ISO Quad Extension R,single,right,1.1168668270111084
86,1698178489.98885,229649,-101,229649,-101,152.21047773963556,zMax,ISO Quad Extension R,single,right,1.1300418376922607
87,1698178490.002135,229740,-101,229740,-101,152.27677505558037,zMax,ISO Quad Extension R,single,right,1.143326997756958
88,1698178490.015184,229836,-101,229836,-101,152.34671508119249,zMax,ISO Quad Extension R,single,right,1.1563758850097656
89,1698178490.028418,229855,-101,229855,-101,152.36055737792822,zMax,ISO Quad Extension R,single,right,1.1696100234985352
90,1698178490.0415418,230128,-101,230128,-101,152.55944932576267,zMax,ISO Quad Extension R,single,right,1.1827337741851809
91,1698178490.054658,230402,-101,230402,-101,152.75906981553055,zMax,ISO Quad Extension R,single,right,1.195849895477295
92,1698178490.067938,230477,-101,230477,-101,152.81371046054002,zMax,ISO Quad Extension R,single,right,1.209130048751831
93,1698178490.080966,230570,-101,230570,-101,152.88146486035174,zMax,ISO Quad Extension R,single,right,1.2221579551696775
94,1698178490.094264,230270,-101,230270,-101,152.66290228031392,zMax,ISO Quad Extension R,single,right,1.2354559898376465
95,1698178490.10735,230085,-101,230085,-101,152.5281220226239,zMax,ISO Quad Extension R,single,right,1.248542070388794
96,1698178490.120372,230032,-101,230032,-101,152.48950930015056,zMax,ISO Quad Extension R,single,right,1.261564016342163
97,1698178490.1336472,230165,-101,230165,-101,152.58640537730065,zMax,ISO Quad Extension R,single,right,1.274839162826538
98,1698178490.146831,230250,-101,230250,-101,152.64833144164473,zMax,ISO Quad Extension R,single,right,1.2880229949951172
99,1698178490.159912,230519,-101,230519,-101,152.84430922174533,zMax,ISO Quad Extension R,single,right,1.3011038303375244
100,1698178490.173204,230846,-101,230846,-101,153.08254243398656,zMax,ISO Quad Extension R,single,right,1.3143959045410156
101,1698178490.1861892,231188,-101,231188,-101,153.33170377522973,zMax,ISO Quad Extension R,single,right,1.3273811340332031
102,1698178490.1996748,231206,-101,231206,-101,153.34481753003195,zMax,ISO Quad Extension R,single,right,1.3408668041229248
103,1698178490.2126458,231231,-101,231231,-101,153.36303107836846,zMax,ISO Quad Extension R,single,right,1.3538377285003662
104,1698178490.2258098,231232,-101,231232,-101,153.36375962030192,zMax,ISO Quad Extension R,single,right,1.36700177192688
105,1698178490.238938,230641,-101,230641,-101,152.93319133762736,zMax,ISO Quad Extension R,single,right,1.3801300525665283
106,1698178490.252052,230995,-101,230995,-101,153.19109518207205,zMax,ISO Quad Extension R,single,right,1.3932440280914309
107,1698178490.265215,231525,-101,231525,-101,153.57722240680556,zMax,ISO Quad Extension R,single,right,1.4064068794250488
108,1698178490.278527,231770,-101,231770,-101,153.75571518050313,zMax,ISO Quad Extension R,single,right,1.4197189807891846
109,1698178490.2915468,231470,-101,231470,-101,153.53715260046528,zMax,ISO Quad Extension R,single,right,1.4327387809753418
110,1698178490.3049128,230929,-101,230929,-101,153.1430114144637,zMax,ISO Quad Extension R,single,right,1.4461047649383545
111,1698178490.318151,230659,-101,230659,-101,152.94630509242964,zMax,ISO Quad Extension R,single,right,1.4593429565429688
112,1698178490.331201,230085,-101,230085,-101,152.5281220226239,zMax,ISO Quad Extension R,single,right,1.472393035888672
113,1698178490.344507,229869,-101,229869,-101,152.37075696499667,zMax,ISO Quad Extension R,single,right,1.485698938369751
114,1698178490.3578382,230195,-101,230195,-101,152.60826163530444,zMax,ISO Quad Extension R,single,right,1.4990301132202148
115,1698178490.370194,230270,-101,230270,-101,152.66290228031392,zMax,ISO Quad Extension R,single,right,1.5113859176635742
116,1698178490.383329,229750,-101,229750,-101,152.28406047491498,zMax,ISO Quad Extension R,single,right,1.5245208740234375
117,1698178490.3966432,229513,-101,229513,-101,152.11139603668508,zMax,ISO Quad Extension R,single,right,1.5378351211547852
118,1698178490.41004,229243,-101,229243,-101,151.91468971465102,zMax,ISO Quad Extension R,single,right,1.551232099533081
119,1698178490.4231522,229155,-101,229155,-101,151.85057802450658,zMax,ISO Quad Extension R,single,right,1.5643441677093506
120,1698178490.436416,228880,-101,228880,-101,151.6502289928052,zMax,ISO Quad Extension R,single,right,1.5776078701019287
121,1698178490.449686,228350,-101,228350,-101,151.2641017680717,zMax,ISO Quad Extension R,single,right,1.5908780097961426
122,1698178490.462831,228721,-101,228721,-101,151.53439082538517,zMax,ISO Quad Extension R,single,right,1.604022979736328
123,1698178490.476013,229164,-101,229164,-101,151.85713490190773,zMax,ISO Quad Extension R,single,right,1.6172049045562744
124,1698178490.489213,229675,-101,229675,-101,152.2294198299055,zMax,ISO Quad Extension R,single,right,1.6304049491882324
125,1698178490.502285,230344,-101,230344,-101,152.7168143833899,zMax,ISO Quad Extension R,single,right,1.643476963043213
126,1698178490.5154262,230648,-101,230648,-101,152.93829113116158,zMax,ISO Quad Extension R,single,right,1.6566181182861328
127,1698178490.528718,230297,-101,230297,-101,152.68257291251732,zMax,ISO Quad Extension R,single,right,1.669909954071045
128,1698178490.541732,230312,-101,230312,-101,152.6935010415192,zMax,ISO Quad Extension R,single,right,1.6829240322113037
129,1698178490.555018,230914,-101,230914,-101,153.13208328546182,zMax,ISO Quad Extension R,single,right,1.6962099075317385
130,1698178490.5681658,232131,-101,232131,-101,154.018718818482,zMax,ISO Quad Extension R,single,right,1.709357738494873
131,1698178490.581244,233193,-101,233193,-101,154.79243035181597,zMax,ISO Quad Extension R,single,right,1.7224359512329102
132,1698178490.594517,235032,-101,235032,-101,156.13221896744795,zMax,ISO Quad Extension R,single,right,1.7357089519500732
133,1698178490.607629,235595,-101,235595,-101,156.54238807598563,zMax,ISO Quad Extension R,single,right,1.7488210201263428
134,1698178490.620782,236228,-101,236228,-101,157.00355511986552,zMax,ISO Quad Extension R,single,right,1.7619740962982178
135,1698178490.634028,237625,-101,237625,-101,158.0213282009084,zMax,ISO Quad Extension R,single,right,1.7752199172973633
136,1698178490.647158,240143,-101,240143,-101,159.85579678935937,zMax,ISO Quad Extension R,single,right,1.7883498668670654
137,1698178490.660303,243905,-101,243905,-101,162.59657154303397,zMax,ISO Quad Extension R,single,right,1.80149507522583
138,1698178490.67337,254863,-101,254863,-101,170.57993404988295,zMax,ISO Quad Extension R,single,right,1.8145620822906492
139,1698178490.686553,261317,-101,261317,-101,175.28194368843046,zMax,ISO Quad Extension R,single,right,1.827744960784912
140,1698178490.699669,267577,-101,267577,-101,179.8426161918868,zMax,ISO Quad Extension R,single,right,1.8408608436584477
141,1698178490.712835,273965,-101,273965,-101,184.496542062826,zMax,ISO Quad Extension R,single,right,1.8540270328521729
142,1698178490.7260969,280975,-101,280975,-101,189.60362101637693,zMax,ISO Quad Extension R,single,right,1.8672888278961184
143,1698178490.739278,296305,-101,296305,-101,200.7721688563108,zMax,ISO Quad Extension R,single,right,1.8804700374603271
144,1698178490.7525198,304547,-101,304547,-101,206.77681147188383,zMax,ISO Quad Extension R,single,right,1.893711805343628
145,1698178490.7656472,313420,-101,313420,-101,213.24116404746985,zMax,ISO Quad Extension R,single,right,1.90683913230896
146,1698178490.778673,322893,-101,322893,-101,220.14264178313152,zMax,ISO Quad Extension R,single,right,1.9198648929595947
147,1698178490.791771,333140,-101,333140,-101,227.6080109752908,zMax,ISO Quad Extension R,single,right,1.9329628944396973
148,1698178490.8049011,343712,-101,343712,-101,235.31015629582444,zMax,ISO Quad Extension R,single,right,1.9460930824279783
149,1698178490.8181329,364901,-101,364901,-101,250.7472313238974,zMax,ISO Quad Extension R,single,right,1.959324836730957
150,1698178490.831434,374990,-101,374990,-101,258.09749089057016,zMax,ISO Quad Extension R,single,right,1.972625970840454
151,1698178490.844599,385000,-101,385000,-101,265.3901956444996,zMax,ISO Quad Extension R,single,right,1.985790967941284
152,1698178490.857895,393852,-101,393852,-101,271.8392488394829,zMax,ISO Quad Extension R,single,right,1.999086856842041
153,1698178490.870452,400954,-101,400954,-101,277.01335365091217,zMax,ISO Quad Extension R,single,right,2.011643886566162
154,1698178490.883658,413699,-101,413699,-101,286.29862059285324,zMax,ISO Quad Extension R,single,right,2.0248498916625977
155,1698178490.896825,422625,-101,422625,-101,292.8015858909125,zMax,ISO Quad Extension R,single,right,2.03801703453064
156,1698178490.910224,433042,-101,433042,-101,300.39080721176,zMax,ISO Quad Extension R,single,right,2.0514159202575684
157,1698178490.923249,444471,-101,444471,-101,308.7173129692684,zMax,ISO Quad Extension R,single,right,2.064440965652466
158,1698178490.936782,457626,-101,457626,-101,318.3012821039279,zMax,ISO Quad Extension R,single,right,2.0779740810394287
159,1698178490.949965,471244,-101,471244,-101,328.2225661537791,zMax,ISO Quad Extension R,single,right,2.0911569595336914
160,1698178490.9632351,498244,-101,498244,-101,347.8931983571851,zMax,ISO Quad Extension R,single,right,2.1044270992279053
161,1698178490.9775171,508887,-101,508887,-101,355.6470701549944,zMax,ISO Quad Extension R,single,right,2.118709087371826
162,1698178490.989282,515468,-101,515468,-101,360.4416046190912,zMax,ISO Quad Extension R,single,right,2.130474090576172
163,1698178491.002787,516224,-101,516224,-101,360.99238232078665,zMax,ISO Quad Extension R,single,right,2.143979072570801
164,1698178491.015679,514159,-101,514159,-101,359.4879432281928,zMax,ISO Quad Extension R,single,right,2.1568708419799805
165,1698178491.028648,524006,-101,524006,-101,366.6618956469683,zMax,ISO Quad Extension R,single,right,2.169839859008789
166,1698178491.041832,534632,-101,534632,-101,374.4033822319088,zMax,ISO Quad Extension R,single,right,2.1830239295959477
167,1698178491.055396,543380,-101,543380,-101,380.7766670658123,zMax,ISO Quad Extension R,single,right,2.1965880393981934
168,1698178491.068577,548553,-101,548553,-101,384.54541448759824,zMax,ISO Quad Extension R,single,right,2.2097690105438232
169,1698178491.0816798,549384,-101,549384,-101,385.1508328343031,zMax,ISO Quad Extension R,single,right,2.222871780395508
170,1698178491.0947578,546988,-101,546988,-101,383.40524636173416,zMax,ISO Quad Extension R,single,right,2.235949754714966
171,1698178491.107755,540445,-101,540445,-101,378.6383964911087,zMax,ISO Quad Extension R,single,right,2.2489469051361084
172,1698178491.1209888,542581,-101,542581,-101,380.19456206097817,zMax,ISO Quad Extension R,single,right,2.262180805206299
173,1698178491.1341891,551059,-101,551059,-101,386.3711405728477,zMax,ISO Quad Extension R,single,right,2.275381088256836
174,1698178491.147436,562645,-101,562645,-101,394.8120274139093,zMax,ISO Quad Extension R,single,right,2.288628101348877
175,1698178491.1604202,574406,-101,574406,-101,403.3804090933263,zMax,ISO Quad Extension R,single,right,2.301612138748169
176,1698178491.173791,584655,-101,584655,-101,410.84723536935246,zMax,ISO Quad Extension R,single,right,2.314982891082764
177,1698178491.186899,580801,-101,580801,-101,408.03943475779965,zMax,ISO Quad Extension R,single,right,2.3280909061431885
178,1698178491.199898,573957,-101,573957,-101,403.05329376520297,zMax,ISO Quad Extension R,single,right,2.341089963912964
179,1698178491.213067,567679,-101,567679,-101,398.4795075069443,zMax,ISO Quad Extension R,single,right,2.3542590141296387
180,1698178491.226324,566737,-101,566737,-101,397.7932210056254,zMax,ISO Quad Extension R,single,right,2.367516040802002
181,1698178491.239506,572198,-101,572198,-101,401.7717885042477,zMax,ISO Quad Extension R,single,right,2.380697965621948
182,1698178491.252749,595022,-101,595022,-101,418.4000295935269,zMax,ISO Quad Extension R,single,right,2.3939409255981445
183,1698178491.26575,602996,-101,602996,-101,424.2094229709329,zMax,ISO Quad Extension R,single,right,2.4069418907165527
184,1698178491.279229,603116,-101,603116,-101,424.2968480029479,zMax,ISO Quad Extension R,single,right,2.42042088508606
185,1698178491.2922,595298,-101,595298,-101,418.6011071671617,zMax,ISO Quad Extension R,single,right,2.433391809463501
186,1698178491.305223,585147,-101,585147,-101,411.2056780006145,zMax,ISO Quad Extension R,single,right,2.4464149475097656
187,1698178491.318382,583771,-101,583771,-101,410.2032043001743,zMax,ISO Quad Extension R,single,right,2.459573984146118
188,1698178491.331687,585883,-101,585883,-101,411.7418848636407,zMax,ISO Quad Extension R,single,right,2.472878932952881
189,1698178491.3449411,584761,-101,584761,-101,410.9244608142992,zMax,ISO Quad Extension R,single,right,2.486133098602295
190,1698178491.3580658,581940,-101,581940,-101,408.86924402000994,zMax,ISO Quad Extension R,single,right,2.499257802963257
191,1698178491.370781,579199,-101,579199,-101,406.8723105803976,zMax,ISO Quad Extension R,single,right,2.5119729042053223
192,1698178491.384046,576249,-101,576249,-101,404.7231118766921,zMax,ISO Quad Extension R,single,right,2.525238037109375
193,1698178491.397121,571758,-101,571758,-101,401.45123005352553,zMax,ISO Quad Extension R,single,right,2.5383129119873047
194,1698178491.410248,572340,-101,572340,-101,401.8752414587989,zMax,ISO Quad Extension R,single,right,2.5514400005340576
195,1698178491.4236171,574605,-101,574605,-101,403.5253889380847,zMax,ISO Quad Extension R,single,right,2.564809083938598
196,1698178491.437096,578677,-101,578677,-101,406.4920116911317,zMax,ISO Quad Extension R,single,right,2.5782878398895264
197,1698178491.450292,584112,-101,584112,-101,410.451637099484,zMax,ISO Quad Extension R,single,right,2.59148383140564
198,1698178491.463275,589745,-101,589745,-101,414.5555138106613,zMax,ISO Quad Extension R,single,right,2.6044669151306152
199,1698178491.476365,586710,-101,586710,-101,412.3443890426117,zMax,ISO Quad Extension R,single,right,2.6175570487976074
200,1698178491.489687,582041,-101,582041,-101,408.9428267552894,zMax,ISO Quad Extension R,single,right,2.6308789253234863
201,1698178491.503069,578068,-101,578068,-101,406.0483296536548,zMax,ISO Quad Extension R,single,right,2.644260883331299
202,1698178491.516039,574370,-101,574370,-101,403.3541815837217,zMax,ISO Quad Extension R,single,right,2.657230854034424
203,1698178491.529203,571876,-101,571876,-101,401.5371980016737,zMax,ISO Quad Extension R,single,right,2.670394897460937
204,1698178491.542217,578820,-101,578820,-101,406.59619318761634,zMax,ISO Quad Extension R,single,right,2.6834089756011963
205,1698178491.5553532,585920,-101,585920,-101,411.7688409151787,zMax,ISO Quad Extension R,single,right,2.696545124053955
206,1698178491.5685709,590189,-101,590189,-101,414.8789864291172,zMax,ISO Quad Extension R,single,right,2.7097628116607666
207,1698178491.581706,589496,-101,589496,-101,414.3741068692298,zMax,ISO Quad Extension R,single,right,2.722898006439209
208,1698178491.595108,584718,-101,584718,-101,410.8931335111605,zMax,ISO Quad Extension R,single,right,2.736299991607666
209,1698178491.608185,577335,-101,577335,-101,405.51430841642906,zMax,ISO Quad Extension R,single,right,2.749377012252808
210,1698178491.6210508,577744,-101,577744,-101,405.812282067214,zMax,ISO Quad Extension R,single,right,2.762242794036865
211,1698178491.634457,580651,-101,580651,-101,407.9301534677807,zMax,ISO Quad Extension R,single,right,2.775649070739746
212,1698178491.647392,585012,-101,585012,-101,411.1073248395975,zMax,ISO Quad Extension R,single,right,2.788583993911743
213,1698178491.660545,588370,-101,588370,-101,413.5537686521544,zMax,ISO Quad Extension R,single,right,2.801737070083618
214,1698178491.673824,590733,-101,590733,-101,415.2753132409192,zMax,ISO Quad Extension R,single,right,2.815016031265259
215,1698178491.687005,591372,-101,591372,-101,415.74085153639976,zMax,ISO Quad Extension R,single,right,2.8281970024108887
216,1698178491.700653,589272,-101,589272,-101,414.21091347613486,zMax,ISO Quad Extension R,single,right,2.8418450355529785
217,1698178491.713465,587345,-101,587345,-101,412.80701317035846,zMax,ISO Quad Extension R,single,right,2.854656934738159
218,1698178491.72665,589993,-101,589993,-101,414.7361922101592,zMax,ISO Quad Extension R,single,right,2.867841958999634
219,1698178491.739883,599973,-101,599973,-101,422.0070407060848,zMax,ISO Quad Extension R,single,right,2.881074905395508
220,1698178491.753047,623607,-101,623607,-101,439.2254007614662,zMax,ISO Quad Extension R,single,right,2.894238948822021
221,1698178491.7662091,628271,-101,628271,-101,442.6233203391212,zMax,ISO Quad Extension R,single,right,2.9074010848999023
222,1698178491.779234,627715,-101,627715,-101,442.21825102411776,zMax,ISO Quad Extension R,single,right,2.9204258918762207
223,1698178491.792523,621388,-101,621388,-101,437.6087662111196,zMax,ISO Quad Extension R,single,right,2.933714866638184
224,1698178491.8055732,610049,-101,610049,-101,429.3478292276225,zMax,ISO Quad Extension R,single,right,2.946765184402466
225,1698178491.819159,600383,-101,600383,-101,422.3057428988032,zMax,ISO Quad Extension R,single,right,2.96035099029541
226,1698178491.832006,612738,-101,612738,-101,431.3068784866951,zMax,ISO Quad Extension R,single,right,2.9731979370117188
227,1698178491.8449972,626045,-101,626045,-101,441.0015859952405,zMax,ISO Quad Extension R,single,right,2.986189126968384
228,1698178491.857996,635619,-101,635619,-101,447.97664646618153,zMax,ISO Quad Extension R,single,right,2.99918794631958
229,1698178491.871233,639182,-101,639182,-101,450.5724413750976,zMax,ISO Quad Extension R,single,right,3.012424945831299
230,1698178491.884212,633149,-101,633149,-101,446.1771478905366,zMax,ISO Quad Extension R,single,right,3.0254039764404297
231,1698178491.8974452,617464,-101,617464,-101,434.74996766422464,zMax,ISO Quad Extension R,single,right,3.038637161254883
232,1698178491.910615,621614,-101,621614,-101,437.7734166880815,zMax,ISO Quad Extension R,single,right,3.051806926727295
233,1698178491.924062,628655,-101,628655,-101,442.90308044156967,zMax,ISO Quad Extension R,single,right,3.065253973007202
234,1698178491.937259,635414,-101,635414,-101,447.8272953698223,zMax,ISO Quad Extension R,single,right,3.078450918197632
235,1698178491.950554,641653,-101,641653,-101,452.372668492676,zMax,ISO Quad Extension R,single,right,3.091746091842652
236,1698178491.9636931,644577,-101,644577,-101,454.5029251061116,zMax,ISO Quad Extension R,single,right,3.10488510131836
237,1698178491.9768362,627090,-101,627090,-101,441.76291231570553,zMax,ISO Quad Extension R,single,right,3.118028163909912
238,1698178491.99006,617474,-101,617474,-101,434.7572530835592,zMax,ISO Quad Extension R,single,right,3.1312520503997803
239,1698178492.003224,617982,-101,617982,-101,435.12735238575664,zMax,ISO Quad Extension R,single,right,3.144416093826294
240,1698178492.0163689,625113,-101,625113,-101,440.32258491325615,zMax,ISO Quad Extension R,single,right,3.1575608253479004
241,1698178492.029377,634550,-101,634550,-101,447.1978351393133,zMax,ISO Quad Extension R,single,right,3.1705689430236816
242,1698178492.042604,644810,-101,644810,-101,454.6726753766076,zMax,ISO Quad Extension R,single,right,3.183795928955078
243,1698178492.055726,643270,-101,643270,-101,453.55072079908,zMax,ISO Quad Extension R,single,right,3.19691801071167
244,1698178492.068862,637830,-101,637830,-101,449.5874526810604,zMax,ISO Quad Extension R,single,right,3.2100539207458496
245,1698178492.0820649,631922,-101,631922,-101,445.28322693818177,zMax,ISO Quad Extension R,single,right,3.223256826400757
246,1698178492.095312,630850,-101,630850,-101,444.5022299855132,zMax,ISO Quad Extension R,single,right,3.236503839492798
247,1698178492.108555,632383,-101,632383,-101,445.6190847695066,zMax,ISO Quad Extension R,single,right,3.249747037887573
248,1698178492.121923,643831,-101,643831,-101,453.9594328237507,zMax,ISO Quad Extension R,single,right,3.2631149291992188
249,1698178492.1347258,654668,-101,654668,-101,461.8546417566512,zMax,ISO Quad Extension R,single,right,3.2759177684783936
250,1698178492.1480708,661784,-101,661784,-101,467.0389461551488,zMax,ISO Quad Extension R,single,right,3.2892627716064453
251,1698178492.161273,659577,-101,659577,-101,465.43105410800376,zMax,ISO Quad Extension R,single,right,3.3024649620056152
252,1698178492.174329,648601,-101,648601,-101,457.4345778463525,zMax,ISO Quad Extension R,single,right,3.315521001815796
253,1698178492.1874812,625295,-101,625295,-101,440.4551795451458,zMax,ISO Quad Extension R,single,right,3.3286731243133545
254,1698178492.2005088,625179,-101,625179,-101,440.3706686808645,zMax,ISO Quad Extension R,single,right,3.341700792312622
255,1698178492.213897,633793,-101,633793,-101,446.64632889568446,zMax,ISO Quad Extension R,single,right,3.355088949203491
256,1698178492.2271051,645081,-101,645081,-101,454.8701102405751,zMax,ISO Quad Extension R,single,right,3.3682971000671387
257,1698178492.240205,654067,-101,654067,-101,461.416788054642,zMax,ISO Quad Extension R,single,right,3.381397008895874
258,1698178492.253579,657043,-101,657043,-101,463.5849288486175,zMax,ISO Quad Extension R,single,right,3.394770860671997
259,1698178492.266515,635063,-101,635063,-101,447.5715771511781,zMax,ISO Quad Extension R,single,right,3.4077069759368896
260,1698178492.2795231,618705,-101,618705,-101,435.6540882036479,zMax,ISO Quad Extension R,single,right,3.420715093612671
261,1698178492.292698,611743,-101,611743,-101,430.5819792629029,zMax,ISO Quad Extension R,single,right,3.4338901042938232
262,1698178492.30589,614194,-101,614194,-101,432.3676355418121,zMax,ISO Quad Extension R,single,right,3.447082042694092
263,1698178492.319179,621458,-101,621458,-101,437.6597641464618,zMax,ISO Quad Extension R,single,right,3.4603710174560547
264,1698178492.332372,636056,-101,636056,-101,448.2950192911033,zMax,ISO Quad Extension R,single,right,3.47356390953064
265,1698178492.34569,636552,-101,636552,-101,448.6563760900992,zMax,ISO Quad Extension R,single,right,3.486881971359253
266,1698178492.358642,631463,-101,631463,-101,444.9488261907239,zMax,ISO Quad Extension R,single,right,3.499833822250366
267,1698178492.371564,623585,-101,623585,-101,439.2093728389301,zMax,ISO Quad Extension R,single,right,3.512756109237671
268,1698178492.384871,618655,-101,618655,-101,435.6176611069749,zMax,ISO Quad Extension R,single,right,3.5260629653930664
269,1698178492.397804,619556,-101,619556,-101,436.2740773890218,zMax,ISO Quad Extension R,single,right,3.5389959812164307
270,1698178492.410847,625733,-101,625733,-101,440.7742809120011,zMax,ISO Quad Extension R,single,right,3.5520389080047607
271,1698178492.424303,630907,-101,630907,-101,444.5437568757205,zMax,ISO Quad Extension R,single,right,3.565495014190674
272,1698178492.437822,636553,-101,636553,-101,448.6571046320327,zMax,ISO Quad Extension R,single,right,3.57901382446289
273,1698178492.45094,637524,-101,637524,-101,449.3645188494218,zMax,ISO Quad Extension R,single,right,3.5921318531036377
274,1698178492.4638422,634094,-101,634094,-101,446.86562001765583,zMax,ISO Quad Extension R,single,right,3.605034112930298
275,1698178492.477057,625978,-101,625978,-101,440.9527736856986,zMax,ISO Quad Extension R,single,right,3.61824893951416
276,1698178492.490329,623340,-101,623340,-101,439.0308800652325,zMax,ISO Quad Extension R,single,right,3.631520986557007
277,1698178492.503338,624336,-101,624336,-101,439.7565078309581,zMax,ISO Quad Extension R,single,right,3.644530057907105
278,1698178492.5165591,628118,-101,628118,-101,442.51185342330194,zMax,ISO Quad Extension R,single,right,3.657751083374024
279,1698178492.530158,634273,-101,634273,-101,446.99602902374505,zMax,ISO Quad Extension R,single,right,3.6713500022888175
280,1698178492.543251,-4113319,-101,634273,-101,446.99602902374505,zMax,ISO Quad Extension R,single,right,3.68444299697876
281,1698178492.554713,-101,-101,634273,-101,446.99602902374505,zMax,ISO Quad Extension R,single,right,3.6959049701690674
282,1698178492.56805,642687,-101,642687,-101,453.1259808518731,zMax,ISO Quad Extension R,single,right,3.7092418670654297
283,1698178492.5812638,638527,-101,638527,-101,450.0952464086817,zMax,ISO Quad Extension R,single,right,3.722455739974976
284,1698178492.594555,635671,-101,635671,-101,448.01453064672137,zMax,ISO Quad Extension R,single,right,3.7357468605041504
285,1698178492.607612,637641,-101,637641,-101,449.4497582556365,zMax,ISO Quad Extension R,single,right,3.748803853988648
286,1698178492.620759,646437,-101,646437,-101,455.85801310234615,zMax,ISO Quad Extension R,single,right,3.761950969696045
287,1698178492.634283,658113,-101,658113,-101,464.3644687174191,zMax,ISO Quad Extension R,single,right,3.775475025177002
288,1698178492.647285,654561,-101,654561,-101,461.776687769771,zMax,ISO Quad Extension R,single,right,3.788476943969727
289,1698178492.660288,648028,-101,648028,-101,457.0171233184802,zMax,ISO Quad Extension R,single,right,3.8014800548553462
290,1698178492.67359,641764,-101,641764,-101,452.4535366472901,zMax,ISO Quad Extension R,single,right,3.814781904220581
291,1698178492.686708,638469,-101,638469,-101,450.052990976541,zMax,ISO Quad Extension R,single,right,3.827899932861328
292,1698178492.699788,643673,-101,643673,-101,453.8443231982642,zMax,ISO Quad Extension R,single,right,3.840980052947998
293,1698178492.713053,651038,-101,651038,-101,459.21003453819327,zMax,ISO Quad Extension R,single,right,3.854244947433472
294,1698178492.726196,660570,-101,660570,-101,466.15449624792905,zMax,ISO Quad Extension R,single,right,3.867388010025024
295,1698178492.73946,666442,-101,666442,-101,470.4324944812031,zMax,ISO Quad Extension R,single,right,3.8806519508361816
296,1698178492.752815,664253,-101,664253,-101,468.8377161888602,zMax,ISO Quad Extension R,single,right,3.894006967544556
297,1698178492.7659142,656394,-101,656394,-101,463.1121051338023,zMax,ISO Quad Extension R,single,right,3.9071061611175537
298,1698178492.778964,644344,-101,644344,-101,454.33317483561547,zMax,ISO Quad Extension R,single,right,3.9201560020446777
299,1698178492.791768,644203,-101,644203,-101,454.2304504229977,zMax,ISO Quad Extension R,single,right,3.932960033416748
300,1698178492.804857,645472,-101,645472,-101,455.1549701365578,zMax,ISO Quad Extension R,single,right,3.9460489749908447
301,1698178492.818343,646569,-101,646569,-101,455.9541806375629,zMax,ISO Quad Extension R,single,right,3.9595348834991455
302,1698178492.831573,645161,-101,645161,-101,454.9283935952519,zMax,ISO Quad Extension R,single,right,3.9727649688720703
303,1698178492.844442,639266,-101,639266,-101,450.6336388975082,zMax,ISO Quad Extension R,single,right,3.9856340885162354
304,1698178492.857458,637436,-101,637436,-101,449.3004071592774,zMax,ISO Quad Extension R,single,right,3.998649835586548
305,1698178492.870666,636988,-101,636988,-101,448.9740203730875,zMax,ISO Quad Extension R,single,right,4.011857986450195
306,1698178492.883716,636846,-101,636846,-101,448.87056741853627,zMax,ISO Quad Extension R,single,right,4.024908065795898
307,1698178492.896854,638229,-101,638229,-101,449.87814091251073,zMax,ISO Quad Extension R,single,right,4.038045883178711
308,1698178492.908675,-101,-101,638229,-101,449.87814091251073,zMax,ISO Quad Extension R,single,right,4.0498669147491455
309,1698178492.921986,647785,-101,647785,-101,456.8400876286496,zMax,ISO Quad Extension R,single,right,4.063178062438965
310,1698178492.935372,645008,-101,645008,-101,454.8169266794326,zMax,ISO Quad Extension R,single,right,4.076564073562622
311,1698178492.948735,640950,-101,640950,-101,451.860503513454,zMax,ISO Quad Extension R,single,right,4.089926958084106
312,1698178492.961801,638834,-101,638834,-101,450.31890878225374,zMax,ISO Quad Extension R,single,right,4.102993011474609
313,1698178492.97516,639623,-101,639623,-101,450.8937283677533,zMax,ISO Quad Extension R,single,right,4.116352081298828
314,1698178492.988374,643090,-101,643090,-101,453.4195832510573,zMax,ISO Quad Extension R,single,right,4.129565954208374
315,1698178493.001539,654286,-101,654286,-101,461.5763387380696,zMax,ISO Quad Extension R,single,right,4.142730951309204
316,1698178493.014785,654633,-101,654633,-101,461.8291427889801,zMax,ISO Quad Extension R,single,right,4.155977010726929
317,1698178493.0279522,650072,-101,650072,-101,458.5062630304714,zMax,ISO Quad Extension R,single,right,4.169144153594971
318,1698178493.041206,644568,-101,644568,-101,454.4963682287104,zMax,ISO Quad Extension R,single,right,4.182398080825806
319,1698178493.054254,640806,-101,640806,-101,451.7555934750358,zMax,ISO Quad Extension R,single,right,4.195446014404297
320,1698178493.067447,640238,-101,640238,-101,451.3417816568309,zMax,ISO Quad Extension R,single,right,4.208638906478882
321,1698178493.080546,645911,-101,645911,-101,455.4748000453465,zMax,ISO Quad Extension R,single,right,4.22173810005188
322,1698178493.093814,653734,-101,653734,-101,461.1741835908,zMax,ISO Quad Extension R,single,right,4.235006093978882
323,1698178493.106884,659308,-101,659308,-101,465.2350763279032,zMax,ISO Quad Extension R,single,right,4.24807596206665
324,1698178493.1200309,659949,-101,659949,-101,465.7020717072507,zMax,ISO Quad Extension R,single,right,4.261222839355469
325,1698178493.1332512,657293,-101,657293,-101,463.7670643319823,zMax,ISO Quad Extension R,single,right,4.27444314956665
326,1698178493.146369,653651,-101,653651,-101,461.1137146103229,zMax,ISO Quad Extension R,single,right,4.287560939788818
327,1698178493.159502,653787,-101,653787,-101,461.2127963132734,zMax,ISO Quad Extension R,single,right,4.300693988800049
328,1698178493.172721,653764,-101,653764,-101,461.19603984880376,zMax,ISO Quad Extension R,single,right,4.313912868499756
329,1698178493.185952,655891,-101,655891,-101,462.7456485412721,zMax,ISO Quad Extension R,single,right,4.327143907546997
330,1698178493.199043,662612,-101,662612,-101,467.64217887605326,zMax,ISO Quad Extension R,single,right,4.340234994888306
331,1698178493.2122,671181,-101,671181,-101,473.8850547038676,zMax,ISO Quad Extension R,single,right,4.353391885757446
332,1698178493.225447,667617,-101,667617,-101,471.288531253018,zMax,ISO Quad Extension R,single,right,4.366638898849487
333,1698178493.238516,660740,-101,660740,-101,466.2783483766172,zMax,ISO Quad Extension R,single,right,4.37970781326294
334,1698178493.251793,655307,-101,655307,-101,462.32018005213183,zMax,ISO Quad Extension R,single,right,4.392984867095947
335,1698178493.26492,657400,-101,657400,-101,463.8450183188625,zMax,ISO Quad Extension R,single,right,4.4061119556427
336,1698178493.276628,-101,-101,657400,-101,463.8450183188625,zMax,ISO Quad Extension R,single,right,4.417819976806641
337,1698178493.289839,679535,-101,679535,-101,479.9712940159881,zMax,ISO Quad Extension R,single,right,4.431030988693237
338,1698178493.302968,679469,-101,679469,-101,479.92321024837975,zMax,ISO Quad Extension R,single,right,4.444159984588623
339,1698178493.316161,672188,-101,672188,-101,474.6186964308613,zMax,ISO Quad Extension R,single,right,4.457352876663208
340,1698178493.329309,662148,-101,662148,-101,467.30413541892807,zMax,ISO Quad Extension R,single,right,4.470500946044922
341,1698178493.342623,655462,-101,655462,-101,462.433104051818,zMax,ISO Quad Extension R,single,right,4.48381495475769
342,1698178493.355865,652780,-101,652780,-101,460.4791545862797,zMax,ISO Quad Extension R,single,right,4.49705696105957
343,1698178493.3689868,661866,-101,661866,-101,467.09868659369255,zMax,ISO Quad Extension R,single,right,4.510178804397583
344,1698178493.3819652,672114,-101,672114,-101,474.5647843277853,zMax,ISO Quad Extension R,single,right,4.523157119750977
345,1698178493.39499,681483,-101,681483,-101,481.3904937023672,zMax,ISO Quad Extension R,single,right,4.536181926727295
346,1698178493.407994,685027,-101,685027,-101,483.9724463145476,zMax,ISO Quad Extension R,single,right,4.549185991287232
347,1698178493.421301,679359,-101,679359,-101,479.8430706356992,zMax,ISO Quad Extension R,single,right,4.562492847442627
348,1698178493.4346712,659551,-101,659551,-101,465.4121120177339,zMax,ISO Quad Extension R,single,right,4.575863122940064
349,1698178493.447928,659192,-101,659192,-101,465.1505654636219,zMax,ISO Quad Extension R,single,right,4.589119911193848
350,1698178493.461171,663218,-101,663218,-101,468.08367528772976,zMax,ISO Quad Extension R,single,right,4.602362871170044
351,1698178493.474106,669374,-101,669374,-101,472.5685794301063,zMax,ISO Quad Extension R,single,right,4.61529803276062
352,1698178493.487474,674798,-101,674798,-101,476.52019087719054,zMax,ISO Quad Extension R,single,right,4.628665924072266
353,1698178493.500514,676017,-101,676017,-101,477.4082834940776,zMax,ISO Quad Extension R,single,right,4.641705989837647
354,1698178493.513742,666287,-101,666287,-101,470.3195704815169,zMax,ISO Quad Extension R,single,right,4.654933929443359
355,1698178493.526886,663026,-101,663026,-101,467.9437952365056,zMax,ISO Quad Extension R,single,right,4.6680779457092285
356,1698178493.540063,664531,-101,664531,-101,469.040250846362,zMax,ISO Quad Extension R,single,right,4.681254863739014
357,1698178493.553463,669589,-101,669589,-101,472.7252159458001,zMax,ISO Quad Extension R,single,right,4.694654941558838
358,1698178493.566459,676044,-101,676044,-101,477.42795412628107,zMax,ISO Quad Extension R,single,right,4.707650899887085
359,1698178493.579637,683147,-101,683147,-101,482.6027874796438,zMax,ISO Quad Extension R,single,right,4.720829010009766
360,1698178493.5929768,683969,-101,683969,-101,483.2016489489475,zMax,ISO Quad Extension R,single,right,4.734168767929077
361,1698178493.605842,683479,-101,683479,-101,482.8446634015523,zMax,ISO Quad Extension R,single,right,4.7470338344573975
362,1698178493.619123,680914,-101,680914,-101,480.9759533422287,zMax,ISO Quad Extension R,single,right,4.76031494140625
363,1698178493.6322932,679674,-101,679674,-101,480.072561344739,zMax,ISO Quad Extension R,single,right,4.77348518371582
364,1698178493.645508,681521,-101,681521,-101,481.4181782958386,zMax,ISO Quad Extension R,single,right,4.786700010299683
365,1698178493.6586492,687832,-101,687832,-101,486.0160064379014,zMax,ISO Quad Extension R,single,right,4.7998411655426025
366,1698178493.6717892,691266,-101,691266,-101,488.5178194374013,zMax,ISO Quad Extension R,single,right,4.812981128692627
367,1698178493.684937,694922,-101,694922,-101,491.1813687461292,zMax,ISO Quad Extension R,single,right,4.826128959655762
368,1698178493.698009,696585,-101,696585,-101,492.3929339814723,zMax,ISO Quad Extension R,single,right,4.839200973510742
369,1698178493.711197,694935,-101,694935,-101,491.1908397912642,zMax,ISO Quad Extension R,single,right,4.852388858795166
370,1698178493.7243662,683939,-101,683939,-101,483.1797926909437,zMax,ISO Quad Extension R,single,right,4.86555814743042
371,1698178493.73762,681565,-101,681565,-101,481.4502341409109,zMax,ISO Quad Extension R,single,right,4.878811836242676
372,1698178493.750829,681894,-101,681894,-101,481.68992443701904,zMax,ISO Quad Extension R,single,right,4.89202094078064
373,1698178493.763794,683722,-101,683722,-101,483.02169909138297,zMax,ISO Quad Extension R,single,right,4.904985904693604
374,1698178493.777117,686428,-101,686428,-101,484.9931335633244,zMax,ISO Quad Extension R,single,right,4.918308973312378
375,1698178493.7903008,688634,-101,688634,-101,486.600297068536,zMax,ISO Quad Extension R,single,right,4.931492805480957
376,1698178493.803404,687110,-101,687110,-101,485.4899991619437,zMax,ISO Quad Extension R,single,right,4.9445960521698
377,1698178493.816559,683099,-101,683099,-101,482.5678174668377,zMax,ISO Quad Extension R,single,right,4.957751035690308
378,1698178493.829628,678638,-101,678638,-101,479.317791901675,zMax,ISO Quad Extension R,single,right,4.97081995010376
379,1698178493.8429172,675908,-101,675908,-101,477.3288724233306,zMax,ISO Quad Extension R,single,right,4.984109163284302
380,1698178493.856158,675473,-101,675473,-101,477.0119566822757,zMax,ISO Quad Extension R,single,right,4.997349977493286
381,1698178493.869411,681803,-101,681803,-101,481.6236271210742,zMax,ISO Quad Extension R,single,right,5.010602951049805
382,1698178493.882008,685123,-101,685123,-101,484.0423863401597,zMax,ISO Quad Extension R,single,right,5.023200035095215
383,1698178493.8951411,686495,-101,686495,-101,485.0419458728661,zMax,ISO Quad Extension R,single,right,5.036333084106445
384,1698178493.908366,686231,-101,686231,-101,484.8496108024328,zMax,ISO Quad Extension R,single,right,5.04955792427063
385,1698178493.921451,686096,-101,686096,-101,484.75125764141575,zMax,ISO Quad Extension R,single,right,5.062643051147461
386,1698178493.9335349,-101,-101,686096,-101,484.75125764141575,zMax,ISO Quad Extension R,single,right,5.074726819992065
387,1698178493.9471989,689012,-101,689012,-101,486.8756859193836,zMax,ISO Quad Extension R,single,right,5.088390827178955
388,1698178493.960168,687710,-101,687710,-101,485.9271243220194,zMax,ISO Quad Extension R,single,right,5.101359844207764
389,1698178493.973214,686052,-101,686052,-101,484.7192017963436,zMax,ISO Quad Extension R,single,right,5.114405870437622
390,1698178493.986495,686967,-101,686967,-101,485.3858176654589,zMax,ISO Quad Extension R,single,right,5.127686977386475
391,1698178493.999684,690635,-101,690635,-101,488.0581094773884,zMax,ISO Quad Extension R,single,right,5.140876054763794
392,1698178494.012838,694060,-101,694060,-101,490.5533655994871,zMax,ISO Quad Extension R,single,right,5.154029846191406
393,1698178494.026028,691638,-101,691638,-101,488.7888370366482,zMax,ISO Quad Extension R,single,right,5.167219877243042
394,1698178494.03919,689519,-101,689519,-101,487.2450566796476,zMax,ISO Quad Extension R,single,right,5.180382013320923
395,1698178494.052219,688583,-101,688583,-101,486.5631414299295,zMax,ISO Quad Extension R,single,right,5.193410873413086
396,1698178494.065564,686599,-101,686599,-101,485.1177142339459,zMax,ISO Quad Extension R,single,right,5.206755876541138
397,1698178494.078631,686004,-101,686004,-101,484.6842317835375,zMax,ISO Quad Extension R,single,right,5.219822883605957
398,1698178494.091847,692539,-101,692539,-101,489.4452533186952,zMax,ISO Quad Extension R,single,right,5.233038902282715
399,1698178494.1050072,695700,-101,695700,-101,491.74817437036063,zMax,ISO Quad Extension R,single,right,5.246199131011963
400,1698178494.118142,694076,-101,694076,-101,490.5650222704225,zMax,ISO Quad Extension R,single,right,5.259333848953247
401,1698178494.1313238,687583,-101,687583,-101,485.8345994964701,zMax,ISO Quad Extension R,single,right,5.272515773773193
402,1698178494.144659,680730,-101,680730,-101,480.8419016264722,zMax,ISO Quad Extension R,single,right,5.285851001739502
403,1698178494.157704,675900,-101,675900,-101,477.3230440878629,zMax,ISO Quad Extension R,single,right,5.298895835876465
404,1698178494.170812,680634,-101,680634,-101,480.7719616008601,zMax,ISO Quad Extension R,single,right,5.31200385093689
405,1698178494.183992,692204,-101,692204,-101,489.2011917709863,zMax,ISO Quad Extension R,single,right,5.325184106826782
406,1698178494.197245,701105,-101,701105,-101,495.6859435207092,zMax,ISO Quad Extension R,single,right,5.338436841964722
407,1698178494.2101388,704022,-101,704022,-101,497.8111003406105,zMax,ISO Quad Extension R,single,right,5.351330757141113
408,1698178494.223375,700239,-101,700239,-101,495.05502620633325,zMax,ISO Quad Extension R,single,right,5.364567041397095
409,1698178494.236651,679461,-101,679461,-101,479.91738191291216,zMax,ISO Quad Extension R,single,right,5.377842903137207
410,1698178494.249983,675552,-101,675552,-101,477.06951149501896,zMax,ISO Quad Extension R,single,right,5.391175031661987
411,1698178494.263005,681066,-101,681066,-101,481.0866917161146,zMax,ISO Quad Extension R,single,right,5.4041969776153564
412,1698178494.276115,691210,-101,691210,-101,488.4770210891276,zMax,ISO Quad Extension R,single,right,5.417306900024414
413,1698178494.2893171,698880,-101,698880,-101,494.06493771876177,zMax,ISO Quad Extension R,single,right,5.430509090423584
414,1698178494.301318,-101,-101,698880,-101,494.06493771876177,zMax,ISO Quad Extension R,single,right,5.442509889602661
415,1698178494.314476,698467,-101,698467,-101,493.76404990024304,zMax,ISO Quad Extension R,single,right,5.455667972564697
416,1698178494.327678,694149,-101,694149,-101,490.618205831565,zMax,ISO Quad Extension R,single,right,5.468869924545288
417,1698178494.3408482,692774,-101,692774,-101,489.61646067305816,zMax,ISO Quad Extension R,single,right,5.482040166854858
418,1698178494.354141,697695,-101,697695,-101,493.2016155276123,zMax,ISO Quad Extension R,single,right,5.495332956314087
419,1698178494.367112,705802,-101,705802,-101,499.1079049821683,zMax,ISO Quad Extension R,single,right,5.508303880691528
420,1698178494.37989,712529,-101,712529,-101,504.0088065685502,zMax,ISO Quad Extension R,single,right,5.521081924438477
421,1698178494.393116,713608,-101,713608,-101,504.794903314753,zMax,ISO Quad Extension R,single,right,5.534307956695557
422,1698178494.4062111,708179,-101,708179,-101,500.8396491580015,zMax,ISO Quad Extension R,single,right,5.54740309715271
423,1698178494.419561,699175,-101,699175,-101,494.2798575891324,zMax,ISO Quad Extension R,single,right,5.560752868652344
424,1698178494.4328,690571,-101,690571,-101,488.01148279364696,zMax,ISO Quad Extension R,single,right,5.573992013931274
425,1698178494.446168,688886,-101,688886,-101,486.78388963576776,zMax,ISO Quad Extension R,single,right,5.58735990524292
426,1698178494.4592168,697891,-101,697891,-101,493.3444097465704,zMax,ISO Quad Extension R,single,right,5.600408792495728
427,1698178494.472519,702810,-101,702810,-101,496.9281075172576,zMax,ISO Quad Extension R,single,right,5.613710880279541
428,1698178494.4857202,703144,-101,703144,-101,497.171440523033,zMax,ISO Quad Extension R,single,right,5.6269121170043945
429,1698178494.4988642,698432,-101,698432,-101,493.738550932572,zMax,ISO Quad Extension R,single,right,5.640056133270264
430,1698178494.511909,691413,-101,691413,-101,488.6249151016199,zMax,ISO Quad Extension R,single,right,5.653100967407227
431,1698178494.52491,685515,-101,685515,-101,484.3279747780758,zMax,ISO Quad Extension R,single,right,5.666101932525635
432,1698178494.537855,684348,-101,684348,-101,483.47776634172857,zMax,ISO Quad Extension R,single,right,5.679046869277954
433,1698178494.551022,686503,-101,686503,-101,485.0477742083338,zMax,ISO Quad Extension R,single,right,5.692214012145996
434,1698178494.56437,692563,-101,692563,-101,489.4627383250983,zMax,ISO Quad Extension R,single,right,5.705561876296997
435,1698178494.577638,700305,-101,700305,-101,495.1031099739415,zMax,ISO Quad Extension R,single,right,5.718829870223999
436,1698178494.590936,706371,-101,706371,-101,499.5224453423068,zMax,ISO Quad Extension R,single,right,5.732127904891968
437,1698178494.6041548,708465,-101,708465,-101,501.0480121509709,zMax,ISO Quad Extension R,single,right,5.745346784591675
438,1698178494.617068,704793,-101,704793,-101,498.3728061713077,zMax,ISO Quad Extension R,single,right,5.758260011672974
439,1698178494.6304598,698723,-101,698723,-101,493.9505566352086,zMax,ISO Quad Extension R,single,right,5.771651744842529
440,1698178494.643644,694775,-101,694775,-101,491.0742730819106,zMax,ISO Quad Extension R,single,right,5.784835815429688
