,Timestamp,s1,s2,s1_clean,s2_clean,force_N,athletes_name,protocol_name,protocol_type,leg,elapsed_time_sec
0,1698177783.195355,154184,-101,154184,-101,97.23106073111576,Isaiah Wright,ISO Quad Extension L,single,left,0.0
1,1698177783.208406,153966,-101,153966,-101,97.0722385896216,Isaiah Wright,ISO Quad Extension L,single,left,0.013051033020019531
2,1698177783.2215512,153966,-101,153966,-101,97.0722385896216,Isaiah Wright,ISO Quad Extension L,single,left,0.02619624137878418
3,1698177783.2346299,154063,-101,154063,-101,97.14290715716717,Isaiah Wright,ISO Quad Extension L,single,left,0.03927493095397949
4,1698177783.2476459,155037,-101,155037,-101,97.8525070003567,Isaiah Wright,ISO Quad Extension L,single,left,0.052290916442871094
5,1698177783.2612019,155436,-101,155436,-101,98.14319523180704,Isaiah Wright,ISO Quad Extension L,single,left,0.06584692001342773
6,1698177783.274195,155192,-101,155192,-101,97.96543100004293,Isaiah Wright,ISO Quad Extension L,single,left,0.07884001731872559
7,1698177783.287518,155024,-101,155024,-101,97.84303595522174,Isaiah Wright,ISO Quad Extension L,single,left,0.0921630859375
8,1698177783.300724,155338,-101,155338,-101,98.071798122328,Isaiah Wright,ISO Quad Extension L,single,left,0.10536909103393555
9,1698177783.313725,155382,-101,155382,-101,98.10385396740023,Isaiah Wright,ISO Quad Extension L,single,left,0.11837005615234375
10,1698177783.3267672,155281,-101,155281,-101,98.03027123212081,Isaiah Wright,ISO Quad Extension L,single,left,0.13141226768493652
11,1698177783.340034,154965,-101,154965,-101,97.80005198114762,Isaiah Wright,ISO Quad Extension L,single,left,0.14467906951904297
12,1698177783.35325,154681,-101,154681,-101,97.59314607204513,Isaiah Wright,ISO Quad Extension L,single,left,0.15789508819580078
13,1698177783.366302,154641,-101,154641,-101,97.56400439470676,Isaiah Wright,ISO Quad Extension L,single,left,0.17094707489013672
14,1698177783.379474,154996,-101,154996,-101,97.82263678108487,Isaiah Wright,ISO Quad Extension L,single,left,0.18411898612976074
15,1698177783.392652,156260,-101,156260,-101,98.74351378497764,Isaiah Wright,ISO Quad Extension L,single,left,0.1972970962524414
16,1698177783.406069,156066,-101,156066,-101,98.60217664988652,Isaiah Wright,ISO Quad Extension L,single,left,0.21071410179138184
17,1698177783.419286,155698,-101,155698,-101,98.33407321837342,Isaiah Wright,ISO Quad Extension L,single,left,0.22393107414245605
18,1698177783.4320672,155396,-101,155396,-101,98.11405355446865,Isaiah Wright,ISO Quad Extension L,single,left,0.23671221733093262
19,1698177783.4450371,155423,-101,155423,-101,98.13372418667205,Isaiah Wright,ISO Quad Extension L,single,left,0.24968218803405762
20,1698177783.4580648,155679,-101,155679,-101,98.32023092163769,Isaiah Wright,ISO Quad Extension L,single,left,0.2627098560333252
21,1698177783.47122,155547,-101,155547,-101,98.22406338642104,Isaiah Wright,ISO Quad Extension L,single,left,0.2758650779724121
22,1698177783.4843452,155332,-101,155332,-101,98.06742687072725,Isaiah Wright,ISO Quad Extension L,single,left,0.2889902591705322
23,1698177783.497779,155560,-101,155560,-101,98.233534431556,Isaiah Wright,ISO Quad Extension L,single,left,0.30242395401000977
24,1698177783.510836,155862,-101,155862,-101,98.45355409546077,Isaiah Wright,ISO Quad Extension L,single,left,0.31548094749450684
25,1698177783.524404,156179,-101,156179,-101,98.68450188836744,Isaiah Wright,ISO Quad Extension L,single,left,0.32904911041259766
26,1698177783.537086,155802,-101,155802,-101,98.40984157945321,Isaiah Wright,ISO Quad Extension L,single,left,0.34173107147216797
27,1698177783.550555,155832,-101,155832,-101,98.43169783745698,Isaiah Wright,ISO Quad Extension L,single,left,0.35520005226135254
28,1698177783.563563,155892,-101,155892,-101,98.47541035346455,Isaiah Wright,ISO Quad Extension L,single,left,0.3682081699371338
29,1698177783.576973,155756,-101,155756,-101,98.37632865051407,Isaiah Wright,ISO Quad Extension L,single,left,0.38161802291870117
30,1698177783.590006,155411,-101,155411,-101,98.12498168347055,Isaiah Wright,ISO Quad Extension L,single,left,0.3946511745452881
31,1698177783.603384,155692,-101,155692,-101,98.32970196677266,Isaiah Wright,ISO Quad Extension L,single,left,0.40802907943725586
32,1698177783.6166852,155613,-101,155613,-101,98.27214715402935,Isaiah Wright,ISO Quad Extension L,single,left,0.42133021354675293
33,1698177783.6296809,155513,-101,155513,-101,98.19929296068341,Isaiah Wright,ISO Quad Extension L,single,left,0.4343259334564209
34,1698177783.6426601,155819,-101,155819,-101,98.42222679232202,Isaiah Wright,ISO Quad Extension L,single,left,0.44730520248413086
35,1698177783.655895,156021,-101,156021,-101,98.56939226288083,Isaiah Wright,ISO Quad Extension L,single,left,0.4605400562286377
36,1698177783.669388,-4155386,-101,156021,-101,98.56939226288083,Isaiah Wright,ISO Quad Extension L,single,left,0.4740331172943115
37,1698177783.6813571,-1,-101,156021,-101,98.56939226288083,Isaiah Wright,ISO Quad Extension L,single,left,0.48600220680236816
38,1698177783.695037,155632,-101,155632,-101,98.2859894507651,Isaiah Wright,ISO Quad Extension L,single,left,0.4996819496154785
39,1698177783.708239,155562,-101,155562,-101,98.23499151542292,Isaiah Wright,ISO Quad Extension L,single,left,0.5128841400146484
40,1698177783.7214239,155588,-101,155588,-101,98.25393360569286,Isaiah Wright,ISO Quad Extension L,single,left,0.526068925857544
41,1698177783.734483,155405,-101,155405,-101,98.12061043186979,Isaiah Wright,ISO Quad Extension L,single,left,0.5391280651092529
42,1698177783.7475998,155137,-101,155137,-101,97.92536119370264,Isaiah Wright,ISO Quad Extension L,single,left,0.5522449016571045
43,1698177783.7606301,155035,-101,155035,-101,97.85104991648977,Isaiah Wright,ISO Quad Extension L,single,left,0.5652751922607422
44,1698177783.773803,155053,-101,155053,-101,97.86416367129206,Isaiah Wright,ISO Quad Extension L,single,left,0.5784480571746826
45,1698177783.786985,155231,-101,155231,-101,97.99384413544784,Isaiah Wright,ISO Quad Extension L,single,left,0.5916299819946289
46,1698177783.800336,155448,-101,155448,-101,98.15193773500854,Isaiah Wright,ISO Quad Extension L,single,left,0.6049809455871582
47,1698177783.8135839,155640,-101,155640,-101,98.29181778623277,Isaiah Wright,ISO Quad Extension L,single,left,0.6182289123535156
48,1698177783.826658,155219,-101,155219,-101,97.98510163224633,Isaiah Wright,ISO Quad Extension L,single,left,0.631303071975708
49,1698177783.8398259,155248,-101,155248,-101,98.00622934831664,Isaiah Wright,ISO Quad Extension L,single,left,0.6444709300994873
50,1698177783.85287,155176,-101,155176,-101,97.95377432910756,Isaiah Wright,ISO Quad Extension L,single,left,0.6575150489807129
51,1698177783.866055,155282,-101,155282,-101,98.03099977405427,Isaiah Wright,ISO Quad Extension L,single,left,0.6707000732421875
52,1698177783.8792078,155571,-101,155571,-101,98.24154839282406,Isaiah Wright,ISO Quad Extension L,single,left,0.6838529109954834
53,1698177783.8924758,155346,-101,155346,-101,98.07762645779567,Isaiah Wright,ISO Quad Extension L,single,left,0.6971209049224854
54,1698177783.905647,155090,-101,155090,-101,97.89111972283006,Isaiah Wright,ISO Quad Extension L,single,left,0.7102921009063721
55,1698177783.918915,154965,-101,154965,-101,97.80005198114762,Isaiah Wright,ISO Quad Extension L,single,left,0.723560094833374
56,1698177783.931956,155013,-101,155013,-101,97.83502199395367,Isaiah Wright,ISO Quad Extension L,single,left,0.7366011142730713
57,1698177783.9449039,155290,-101,155290,-101,98.03682810952195,Isaiah Wright,ISO Quad Extension L,single,left,0.7495489120483398
58,1698177783.958005,155263,-101,155263,-101,98.01715747731855,Isaiah Wright,ISO Quad Extension L,single,left,0.7626500129699707
59,1698177783.971033,155343,-101,155343,-101,98.07544083199531,Isaiah Wright,ISO Quad Extension L,single,left,0.7756781578063965
60,1698177783.984221,155665,-101,155665,-101,98.31003133456925,Isaiah Wright,ISO Quad Extension L,single,left,0.7888660430908203
61,1698177783.9977548,155630,-101,155630,-101,98.28453236689818,Isaiah Wright,ISO Quad Extension L,single,left,0.8023998737335205
62,1698177784.010709,155387,-101,155387,-101,98.10749667706752,Isaiah Wright,ISO Quad Extension L,single,left,0.8153541088104248
63,1698177784.024114,155188,-101,155188,-101,97.96251683230908,Isaiah Wright,ISO Quad Extension L,single,left,0.828758955001831
64,1698177784.037323,155031,-101,155031,-101,97.84813574875594,Isaiah Wright,ISO Quad Extension L,single,left,0.8419680595397949
65,1698177784.0505338,155344,-101,155344,-101,98.07616937392875,Isaiah Wright,ISO Quad Extension L,single,left,0.8551788330078125
66,1698177784.0634859,155498,-101,155498,-101,98.18836483168153,Isaiah Wright,ISO Quad Extension L,single,left,0.8681309223175049
67,1698177784.0766668,155191,-101,155191,-101,97.96470245810946,Isaiah Wright,ISO Quad Extension L,single,left,0.8813118934631348
68,1698177784.090097,155112,-101,155112,-101,97.90714764536617,Isaiah Wright,ISO Quad Extension L,single,left,0.8947420120239258
69,1698177784.103244,155069,-101,155069,-101,97.8758203422274,Isaiah Wright,ISO Quad Extension L,single,left,0.9078891277313232
70,1698177784.116212,154509,-101,154509,-101,97.46783685949009,Isaiah Wright,ISO Quad Extension L,single,left,0.9208569526672363
71,1698177784.129472,154643,-101,154643,-101,97.56546147857367,Isaiah Wright,ISO Quad Extension L,single,left,0.9341170787811279
72,1698177784.142663,154753,-101,154753,-101,97.6456010912542,Isaiah Wright,ISO Quad Extension L,single,left,0.9473080635070801
73,1698177784.155831,154832,-101,154832,-101,97.70315590399751,Isaiah Wright,ISO Quad Extension L,single,left,0.9604761600494385
74,1698177784.1688619,154590,-101,154590,-101,97.52684875610032,Isaiah Wright,ISO Quad Extension L,single,left,0.9735069274902344
75,1698177784.1821508,153662,-101,153662,-101,96.8507618418499,Isaiah Wright,ISO Quad Extension L,single,left,0.9867959022521973
76,1698177784.195415,153383,-101,153383,-101,96.64749864241472,Isaiah Wright,ISO Quad Extension L,single,left,1.0000600814819336
77,1698177784.208503,153582,-101,153582,-101,96.79247848717316,Isaiah Wright,ISO Quad Extension L,single,left,1.0131480693817139
78,1698177784.221694,153520,-101,153520,-101,96.74730888729866,Isaiah Wright,ISO Quad Extension L,single,left,1.026339054107666
79,1698177784.2347982,153117,-101,153117,-101,96.45370648811449,Isaiah Wright,ISO Quad Extension L,single,left,1.0394432544708252
80,1698177784.2481742,153005,-101,153005,-101,96.37210979156704,Isaiah Wright,ISO Quad Extension L,single,left,1.0528192520141602
81,1698177784.2610428,153214,-101,153214,-101,96.52437505566007,Isaiah Wright,ISO Quad Extension L,single,left,1.065687894821167
82,1698177784.2741141,153336,-101,153336,-101,96.61325717154213,Isaiah Wright,ISO Quad Extension L,single,left,1.0787591934204102
83,1698177784.2874198,153085,-101,153085,-101,96.43039314624379,Isaiah Wright,ISO Quad Extension L,single,left,1.0920648574829102
84,1698177784.30078,152595,-101,152595,-101,96.07340759884863,Isaiah Wright,ISO Quad Extension L,single,left,1.1054251194000244
85,1698177784.3139699,152135,-101,152135,-101,95.73827830945729,Isaiah Wright,ISO Quad Extension L,single,left,1.118614912033081
86,1698177784.3269901,151554,-101,151554,-101,95.31499544611734,Isaiah Wright,ISO Quad Extension L,single,left,1.1316351890563965
87,1698177784.340309,151390,-101,151390,-101,95.19551456902998,Isaiah Wright,ISO Quad Extension L,single,left,1.144953966140747
88,1698177784.353419,150986,-101,150986,-101,94.90118362791235,Isaiah Wright,ISO Quad Extension L,single,left,1.1580641269683838
89,1698177784.366536,150553,-101,150553,-101,94.58572497072439,Isaiah Wright,ISO Quad Extension L,single,left,1.1711809635162354
90,1698177784.379671,150620,-101,150620,-101,94.63453728026619,Isaiah Wright,ISO Quad Extension L,single,left,1.1843161582946777
91,1698177784.392982,150991,-101,150991,-101,94.90482633757965,Isaiah Wright,ISO Quad Extension L,single,left,1.197627067565918
92,1698177784.4060748,151589,-101,151589,-101,95.3404944137884,Isaiah Wright,ISO Quad Extension L,single,left,1.2107198238372803
93,1698177784.419272,151090,-101,151090,-101,94.97695198899214,Isaiah Wright,ISO Quad Extension L,single,left,1.223917007446289
94,1698177784.4322062,150361,-101,150361,-101,94.44584491950017,Isaiah Wright,ISO Quad Extension L,single,left,1.2368512153625488
95,1698177784.445243,149515,-101,149515,-101,93.82949844379344,Isaiah Wright,ISO Quad Extension L,single,left,1.2498879432678223
96,1698177784.458462,149057,-101,149057,-101,93.495826238269,Isaiah Wright,ISO Quad Extension L,single,left,1.2631070613861084
97,1698177784.4714298,148911,-101,148911,-101,93.38945911598391,Isaiah Wright,ISO Quad Extension L,single,left,1.2760748863220215
98,1698177784.484546,148950,-101,148950,-101,93.41787225138884,Isaiah Wright,ISO Quad Extension L,single,left,1.2891910076141357
99,1698177784.4979079,149040,-101,149040,-101,93.4834410254002,Isaiah Wright,ISO Quad Extension L,single,left,1.3025529384613037
100,1698177784.511173,149151,-101,149151,-101,93.56430918001419,Isaiah Wright,ISO Quad Extension L,single,left,1.3158180713653564
101,1698177784.524483,149870,-101,149870,-101,94.08813083017156,Isaiah Wright,ISO Quad Extension L,single,left,1.3291280269622803
102,1698177784.537566,150523,-101,150523,-101,94.56386871272062,Isaiah Wright,ISO Quad Extension L,single,left,1.3422110080718994
103,1698177784.550874,151102,-101,151102,-101,94.98569449219366,Isaiah Wright,ISO Quad Extension L,single,left,1.3555190563201904
104,1698177784.563932,150864,-101,150864,-101,94.81230151203029,Isaiah Wright,ISO Quad Extension L,single,left,1.368577003479004
105,1698177784.57712,150301,-101,150301,-101,94.4021324034926,Isaiah Wright,ISO Quad Extension L,single,left,1.3817651271820068
106,1698177784.5902998,149811,-101,149811,-101,94.04514685609746,Isaiah Wright,ISO Quad Extension L,single,left,1.3949449062347412
107,1698177784.603501,149639,-101,149639,-101,93.91983764354242,Isaiah Wright,ISO Quad Extension L,single,left,1.4081461429595947
108,1698177784.616617,150427,-101,150427,-101,94.49392868710851,Isaiah Wright,ISO Quad Extension L,single,left,1.4212620258331299
109,1698177784.6298418,150510,-101,150510,-101,94.55439766758563,Isaiah Wright,ISO Quad Extension L,single,left,1.4344868659973145
110,1698177784.6428921,150585,-101,150585,-101,94.6090383125951,Isaiah Wright,ISO Quad Extension L,single,left,1.4475371837615967
111,1698177784.656123,150709,-101,150709,-101,94.69937751234407,Isaiah Wright,ISO Quad Extension L,single,left,1.4607679843902588
112,1698177784.6694899,150933,-101,150933,-101,94.862570905439,Isaiah Wright,ISO Quad Extension L,single,left,1.474134922027588
113,1698177784.680963,-101,-101,150933,-101,94.862570905439,Isaiah Wright,ISO Quad Extension L,single,left,1.4856081008911133
114,1698177784.694402,151457,-101,151457,-101,95.24432687857177,Isaiah Wright,ISO Quad Extension L,single,left,1.499047040939331
115,1698177784.707872,151526,-101,151526,-101,95.29459627198047,Isaiah Wright,ISO Quad Extension L,single,left,1.512516975402832
116,1698177784.720812,151324,-101,151324,-101,95.14743080142165,Isaiah Wright,ISO Quad Extension L,single,left,1.5254571437835693
117,1698177784.7338822,150773,-101,150773,-101,94.74600419608548,Isaiah Wright,ISO Quad Extension L,single,left,1.538527250289917
118,1698177784.7471209,150363,-101,150363,-101,94.44730200336708,Isaiah Wright,ISO Quad Extension L,single,left,1.5517659187316895
119,1698177784.760406,150633,-101,150633,-101,94.64400832540115,Isaiah Wright,ISO Quad Extension L,single,left,1.5650510787963867
120,1698177784.773484,151681,-101,151681,-101,95.4075202716667,Isaiah Wright,ISO Quad Extension L,single,left,1.5781290531158447
121,1698177784.7865689,151675,-101,151675,-101,95.40314902006594,Isaiah Wright,ISO Quad Extension L,single,left,1.5912139415740967
122,1698177784.799798,151768,-101,151768,-101,95.47090341987766,Isaiah Wright,ISO Quad Extension L,single,left,1.604443073272705
123,1698177784.812901,151882,-101,151882,-101,95.55395720029203,Isaiah Wright,ISO Quad Extension L,single,left,1.6175460815429688
124,1698177784.8260329,151665,-101,151665,-101,95.39586360073133,Isaiah Wright,ISO Quad Extension L,single,left,1.6306779384613037
125,1698177784.8393128,151041,-101,151041,-101,94.94125343425262,Isaiah Wright,ISO Quad Extension L,single,left,1.6439578533172607
126,1698177784.852476,150403,-101,150403,-101,94.47644368070547,Isaiah Wright,ISO Quad Extension L,single,left,1.657120943069458
127,1698177784.86563,150266,-101,150266,-101,94.37663343582152,Isaiah Wright,ISO Quad Extension L,single,left,1.6702749729156494
128,1698177784.878837,150420,-101,150420,-101,94.48882889357428,Isaiah Wright,ISO Quad Extension L,single,left,1.6834821701049805
129,1698177784.891871,150900,-101,150900,-101,94.83852902163484,Isaiah Wright,ISO Quad Extension L,single,left,1.6965160369873047
130,1698177784.905164,151219,-101,151219,-101,95.07093389840841,Isaiah Wright,ISO Quad Extension L,single,left,1.7098090648651123
131,1698177784.918349,151317,-101,151317,-101,95.14233100788745,Isaiah Wright,ISO Quad Extension L,single,left,1.722994089126587
132,1698177784.931301,151413,-101,151413,-101,95.21227103349955,Isaiah Wright,ISO Quad Extension L,single,left,1.7359461784362793
133,1698177784.94451,151250,-101,151250,-101,95.09351869834565,Isaiah Wright,ISO Quad Extension L,single,left,1.749155044555664
134,1698177784.9574761,151113,-101,151113,-101,94.99370845346171,Isaiah Wright,ISO Quad Extension L,single,left,1.7621212005615234
135,1698177784.9704509,151320,-101,151320,-101,95.14451663368783,Isaiah Wright,ISO Quad Extension L,single,left,1.7750959396362305
136,1698177784.983659,151645,-101,151645,-101,95.38129276206215,Isaiah Wright,ISO Quad Extension L,single,left,1.788304090499878
137,1698177784.99696,152104,-101,152104,-101,95.71569350952004,Isaiah Wright,ISO Quad Extension L,single,left,1.801604986190796
138,1698177785.01031,152434,-101,152434,-101,95.95611234756167,Isaiah Wright,ISO Quad Extension L,single,left,1.8149549961090088
139,1698177785.023426,152550,-101,152550,-101,96.04062321184297,Isaiah Wright,ISO Quad Extension L,single,left,1.828071117401123
140,1698177785.036531,152567,-101,152567,-101,96.05300842471179,Isaiah Wright,ISO Quad Extension L,single,left,1.8411760330200195
141,1698177785.04975,152071,-101,152071,-101,95.69165162571588,Isaiah Wright,ISO Quad Extension L,single,left,1.8543951511383057
142,1698177785.063009,152358,-101,152358,-101,95.90074316061875,Isaiah Wright,ISO Quad Extension L,single,left,1.8676540851593018
143,1698177785.076183,152600,-101,152600,-101,96.07705030851594,Isaiah Wright,ISO Quad Extension L,single,left,1.8808281421661377
144,1698177785.089334,152505,-101,152505,-101,96.0078388248373,Isaiah Wright,ISO Quad Extension L,single,left,1.8939790725708008
145,1698177785.102329,152526,-101,152526,-101,96.02313820543993,Isaiah Wright,ISO Quad Extension L,single,left,1.9069740772247314
146,1698177785.115691,152674,-101,152674,-101,96.13096241159194,Isaiah Wright,ISO Quad Extension L,single,left,1.9203360080718994
147,1698177785.128737,153294,-101,153294,-101,96.58265841033683,Isaiah Wright,ISO Quad Extension L,single,left,1.9333820343017578
148,1698177785.142027,153277,-101,153277,-101,96.57027319746801,Isaiah Wright,ISO Quad Extension L,single,left,1.946671962738037
149,1698177785.1553862,153196,-101,153196,-101,96.5112613008578,Isaiah Wright,ISO Quad Extension L,single,left,1.960031270980835
150,1698177785.1686249,153429,-101,153429,-101,96.68101157135385,Isaiah Wright,ISO Quad Extension L,single,left,1.9732699394226074
151,1698177785.181522,153817,-101,153817,-101,96.96368584153613,Isaiah Wright,ISO Quad Extension L,single,left,1.9861669540405273
152,1698177785.1948328,154694,-101,154694,-101,97.60261711718009,Isaiah Wright,ISO Quad Extension L,single,left,1.9994778633117676
153,1698177785.207776,155145,-101,155145,-101,97.93118952917033,Isaiah Wright,ISO Quad Extension L,single,left,2.012421131134033
154,1698177785.22083,155113,-101,155113,-101,97.90787618729962,Isaiah Wright,ISO Quad Extension L,single,left,2.025475025177002
155,1698177785.234045,155016,-101,155016,-101,97.83720761975405,Isaiah Wright,ISO Quad Extension L,single,left,2.0386900901794434
156,1698177785.247505,154952,-101,154952,-101,97.79058093601265,Isaiah Wright,ISO Quad Extension L,single,left,2.052150011062622
157,1698177785.2605062,155086,-101,155086,-101,97.8882055550962,Isaiah Wright,ISO Quad Extension L,single,left,2.0651512145996094
158,1698177785.273491,155434,-101,155434,-101,98.14173814794012,Isaiah Wright,ISO Quad Extension L,single,left,2.0781359672546387
159,1698177785.286871,155137,-101,155137,-101,97.92536119370264,Isaiah Wright,ISO Quad Extension L,single,left,2.0915160179138184
160,1698177785.300023,154817,-101,154817,-101,97.69222777499562,Isaiah Wright,ISO Quad Extension L,single,left,2.104668140411377
161,1698177785.313277,155127,-101,155127,-101,97.91807577436806,Isaiah Wright,ISO Quad Extension L,single,left,2.117922067642212
162,1698177785.32616,155734,-101,155734,-101,98.36030072797796,Isaiah Wright,ISO Quad Extension L,single,left,2.130805015563965
163,1698177785.339385,156497,-101,156497,-101,98.91617822320755,Isaiah Wright,ISO Quad Extension L,single,left,2.1440300941467285
164,1698177785.3525,156354,-101,156354,-101,98.81199672672284,Isaiah Wright,ISO Quad Extension L,single,left,2.1571450233459473
165,1698177785.365685,156174,-101,156174,-101,98.68085917870013,Isaiah Wright,ISO Quad Extension L,single,left,2.170330047607422
166,1698177785.378992,156151,-101,156151,-101,98.66410271423057,Isaiah Wright,ISO Quad Extension L,single,left,2.1836371421813965
167,1698177785.392155,156397,-101,156397,-101,98.84332402986159,Isaiah Wright,ISO Quad Extension L,single,left,2.1967999935150146
168,1698177785.4053628,156496,-101,156496,-101,98.91544968127408,Isaiah Wright,ISO Quad Extension L,single,left,2.210007905960083
169,1698177785.418487,155926,-101,155926,-101,98.50018077920217,Isaiah Wright,ISO Quad Extension L,single,left,2.2231321334838867
170,1698177785.4316769,156041,-101,156041,-101,98.58396310155003,Isaiah Wright,ISO Quad Extension L,single,left,2.2363219261169434
171,1698177785.444698,156307,-101,156307,-101,98.77775525585025,Isaiah Wright,ISO Quad Extension L,single,left,2.249343156814575
172,1698177785.457783,156655,-101,156655,-101,99.03128784869413,Isaiah Wright,ISO Quad Extension L,single,left,2.262428045272827
173,1698177785.4706712,157119,-101,157119,-101,99.36933130581934,Isaiah Wright,ISO Quad Extension L,single,left,2.2753162384033203
174,1698177785.484041,156686,-101,156686,-101,99.05387264863138,Isaiah Wright,ISO Quad Extension L,single,left,2.2886860370635986
175,1698177785.497445,156384,-101,156384,-101,98.83385298472662,Isaiah Wright,ISO Quad Extension L,single,left,2.3020901679992676
176,1698177785.510435,155726,-101,155726,-101,98.35447239251029,Isaiah Wright,ISO Quad Extension L,single,left,2.315080165863037
177,1698177785.523605,155224,-101,155224,-101,97.98874434191362,Isaiah Wright,ISO Quad Extension L,single,left,2.3282501697540283
178,1698177785.5368068,155249,-101,155249,-101,98.0069578902501,Isaiah Wright,ISO Quad Extension L,single,left,2.34145188331604
179,1698177785.550011,155561,-101,155561,-101,98.23426297348948,Isaiah Wright,ISO Quad Extension L,single,left,2.3546559810638428
180,1698177785.5631502,156434,-101,156434,-101,98.8702800813996,Isaiah Wright,ISO Quad Extension L,single,left,2.36779522895813
181,1698177785.577131,156117,-101,156117,-101,98.63933228849294,Isaiah Wright,ISO Quad Extension L,single,left,2.3817760944366455
182,1698177785.5898921,155475,-101,155475,-101,98.17160836721196,Isaiah Wright,ISO Quad Extension L,single,left,2.3945372104644775
183,1698177785.6025221,154945,-101,154945,-101,97.78548114247843,Isaiah Wright,ISO Quad Extension L,single,left,2.4071671962738037
184,1698177785.616055,154602,-101,154602,-101,97.53559125930182,Isaiah Wright,ISO Quad Extension L,single,left,2.4207000732421875
185,1698177785.629013,155125,-101,155125,-101,97.91661869050114,Isaiah Wright,ISO Quad Extension L,single,left,2.4336581230163574
186,1698177785.6422,155547,-101,155547,-101,98.22406338642104,Isaiah Wright,ISO Quad Extension L,single,left,2.446845054626465
187,1698177785.655433,155626,-101,155626,-101,98.28161819916434,Isaiah Wright,ISO Quad Extension L,single,left,2.460078001022339
188,1698177785.66845,155337,-101,155337,-101,98.07106958039455,Isaiah Wright,ISO Quad Extension L,single,left,2.473095178604126
189,1698177785.681814,155441,-101,155441,-101,98.14683794147435,Isaiah Wright,ISO Quad Extension L,single,left,2.4864590167999268
190,1698177785.6950452,155928,-101,155928,-101,98.50163786306909,Isaiah Wright,ISO Quad Extension L,single,left,2.499690294265747
191,1698177785.708262,158513,-101,158513,-101,100.38491876106185,Isaiah Wright,ISO Quad Extension L,single,left,2.512907028198242
192,1698177785.721456,160068,-101,160068,-101,101.51780146759134,Isaiah Wright,ISO Quad Extension L,single,left,2.5261011123657227
193,1698177785.734404,162661,-101,162661,-101,103.40691070105179,Isaiah Wright,ISO Quad Extension L,single,left,2.5390491485595703
194,1698177785.747505,166451,-101,166451,-101,106.16808462886323,Isaiah Wright,ISO Quad Extension L,single,left,2.552150011062622
195,1698177785.7606132,171019,-101,171019,-101,109.49606418090613,Isaiah Wright,ISO Quad Extension L,single,left,2.565258264541626
196,1698177785.77382,184002,-101,184002,-101,118.9547241030106,Isaiah Wright,ISO Quad Extension L,single,left,2.578464984893799
197,1698177785.786906,190660,-101,190660,-101,123.80535629598381,Isaiah Wright,ISO Quad Extension L,single,left,2.5915510654449463
198,1698177785.800361,197237,-101,197237,-101,128.59697659234683,Isaiah Wright,ISO Quad Extension L,single,left,2.605005979537964
199,1698177785.8135302,204513,-101,204513,-101,133.897847700198,Isaiah Wright,ISO Quad Extension L,single,left,2.6181752681732178
200,1698177785.826453,212369,-101,212369,-101,139.62127312945572,Isaiah Wright,ISO Quad Extension L,single,left,2.6310980319976807
201,1698177785.839873,-4136496,-101,212369,-101,139.62127312945572,Isaiah Wright,ISO Quad Extension L,single,left,2.6445181369781494
202,1698177785.851454,-101,-101,212369,-101,139.62127312945572,Isaiah Wright,ISO Quad Extension L,single,left,2.6560990810394287
203,1698177785.864809,253286,-101,253286,-101,169.43102342081735,Isaiah Wright,ISO Quad Extension L,single,left,2.6694540977478027
204,1698177785.878168,265305,-101,265305,-101,178.18736891906687,Isaiah Wright,ISO Quad Extension L,single,left,2.6828131675720215
205,1698177785.891316,277290,-101,277290,-101,186.91894399157874,Isaiah Wright,ISO Quad Extension L,single,left,2.6959609985351562
206,1698177785.9045,289074,-101,289074,-101,195.50408213546527,Isaiah Wright,ISO Quad Extension L,single,left,2.7091450691223145
207,1698177785.917701,300612,-101,300612,-101,203.9099989637208,Isaiah Wright,ISO Quad Extension L,single,left,2.722346067428589
208,1698177785.930669,324734,-101,324734,-101,221.48388748263042,Isaiah Wright,ISO Quad Extension L,single,left,2.735314130783081
209,1698177785.943895,337927,-101,337927,-101,231.09554121076135,Isaiah Wright,ISO Quad Extension L,single,left,2.748540163040161
210,1698177785.956776,350786,-101,350786,-101,240.46386193311682,Isaiah Wright,ISO Quad Extension L,single,left,2.761420965194702
211,1698177785.969829,364890,-101,364890,-101,250.73921736262938,Isaiah Wright,ISO Quad Extension L,single,left,2.7744741439819336
212,1698177785.9832199,380786,-101,380786,-101,262.3201199369013,Isaiah Wright,ISO Quad Extension L,single,left,2.787864923477173
213,1698177785.996323,410079,-101,410079,-101,283.6612987937299,Isaiah Wright,ISO Quad Extension L,single,left,2.8009681701660156
214,1698177786.009707,422474,-101,422474,-101,292.69157605896015,Isaiah Wright,ISO Quad Extension L,single,left,2.814352035522461
215,1698177786.022841,432546,-101,432546,-101,300.02945041276405,Isaiah Wright,ISO Quad Extension L,single,left,2.827486038208008
216,1698177786.0360441,439933,-101,439933,-101,305.4111896752293,Isaiah Wright,ISO Quad Extension L,single,left,2.840689182281494
217,1698177786.049283,446961,-101,446961,-101,310.5313823835825,Isaiah Wright,ISO Quad Extension L,single,left,2.8539280891418457
218,1698177786.0622761,462350,-101,462350,-101,321.7429141975905,Isaiah Wright,ISO Quad Extension L,single,left,2.8669211864471436
219,1698177786.0755682,470971,-101,470971,-101,328.02367420594464,Isaiah Wright,ISO Quad Extension L,single,left,2.8802132606506348
220,1698177786.088607,479710,-101,479710,-101,334.3904021624471,Isaiah Wright,ISO Quad Extension L,single,left,2.89325213432312
221,1698177786.1019719,488873,-101,488873,-101,341.0660318987363,Isaiah Wright,ISO Quad Extension L,single,left,2.9066169261932373
222,1698177786.1153018,498021,-101,498021,-101,347.7307335060237,Isaiah Wright,ISO Quad Extension L,single,left,2.9199469089508057
223,1698177786.128336,507515,-101,507515,-101,354.647510622288,Isaiah Wright,ISO Quad Extension L,single,left,2.932981014251709
224,1698177786.141449,528059,-101,528059,-101,369.6146761032796,Isaiah Wright,ISO Quad Extension L,single,left,2.946094036102295
225,1698177786.154625,537976,-101,537976,-101,376.8396264573973,Isaiah Wright,ISO Quad Extension L,single,left,2.9592700004577637
226,1698177786.1676328,545569,-101,545569,-101,382.37144535815514,Isaiah Wright,ISO Quad Extension L,single,left,2.972277879714966
227,1698177786.180907,553006,-101,553006,-101,387.7896117172933,Isaiah Wright,ISO Quad Extension L,single,left,2.9855520725250244
228,1698177786.194148,557474,-101,557474,-101,391.04473707599027,Isaiah Wright,ISO Quad Extension L,single,left,2.998793125152588
229,1698177786.207432,562905,-101,562905,-101,395.00144831660873,Isaiah Wright,ISO Quad Extension L,single,left,3.0120770931243896
230,1698177786.2205849,562590,-101,562590,-101,394.771957607569,Isaiah Wright,ISO Quad Extension L,single,left,3.0252299308776855
231,1698177786.233689,562411,-101,562411,-101,394.64154860147977,Isaiah Wright,ISO Quad Extension L,single,left,3.0383341312408447
232,1698177786.24668,563164,-101,563164,-101,395.19014067737476,Isaiah Wright,ISO Quad Extension L,single,left,3.0513250827789307
233,1698177786.259823,564677,-101,564677,-101,396.29242462269895,Isaiah Wright,ISO Quad Extension L,single,left,3.0644681453704834
234,1698177786.27297,568286,-101,568286,-101,398.9217324605542,Isaiah Wright,ISO Quad Extension L,single,left,3.0776150226593018
235,1698177786.286112,569467,-101,569467,-101,399.78214048396984,Isaiah Wright,ISO Quad Extension L,single,left,3.090757131576538
236,1698177786.299475,569453,-101,569453,-101,399.7719408969014,Isaiah Wright,ISO Quad Extension L,single,left,3.1041200160980225
237,1698177786.31268,568288,-101,568288,-101,398.9231895444211,Isaiah Wright,ISO Quad Extension L,single,left,3.1173250675201416
238,1698177786.325851,569703,-101,569703,-101,399.95407638026626,Isaiah Wright,ISO Quad Extension L,single,left,3.130496025085449
239,1698177786.338878,569855,-101,569855,-101,400.06481475415217,Isaiah Wright,ISO Quad Extension L,single,left,3.1435229778289795
240,1698177786.3519769,563694,-101,563694,-101,395.57626790210827,Isaiah Wright,ISO Quad Extension L,single,left,3.1566219329833984
241,1698177786.365236,560943,-101,560943,-101,393.5720490431612,Isaiah Wright,ISO Quad Extension L,single,left,3.1698811054229736
242,1698177786.378314,560171,-101,560171,-101,393.0096146705305,Isaiah Wright,ISO Quad Extension L,single,left,3.1829590797424316
243,1698177786.3916411,561878,-101,561878,-101,394.25323575094586,Isaiah Wright,ISO Quad Extension L,single,left,3.196286201477051
244,1698177786.4047518,562798,-101,562798,-101,394.92349432972856,Isaiah Wright,ISO Quad Extension L,single,left,3.2093968391418457
245,1698177786.4180422,559490,-101,559490,-101,392.51347761384466,Isaiah Wright,ISO Quad Extension L,single,left,3.222687244415283
246,1698177786.4311411,555823,-101,555823,-101,389.84191434384866,Isaiah Wright,ISO Quad Extension L,single,left,3.235786199569702
247,1698177786.444323,556303,-101,556303,-101,390.1916144719092,Isaiah Wright,ISO Quad Extension L,single,left,3.2489681243896484
248,1698177786.4571252,560834,-101,560834,-101,393.4926379724142,Isaiah Wright,ISO Quad Extension L,single,left,3.261770248413086
249,1698177786.470186,566146,-101,566146,-101,397.3626527229509,Isaiah Wright,ISO Quad Extension L,single,left,3.2748310565948486
250,1698177786.48359,569067,-101,569067,-101,399.49072371058605,Isaiah Wright,ISO Quad Extension L,single,left,3.2882349491119385
251,1698177786.4968479,567271,-101,567271,-101,398.18226239809286,Isaiah Wright,ISO Quad Extension L,single,left,3.301492929458618
252,1698177786.510085,564196,-101,564196,-101,395.94199595270493,Isaiah Wright,ISO Quad Extension L,single,left,3.314730167388916
253,1698177786.523328,562207,-101,562207,-101,394.492926047054,Isaiah Wright,ISO Quad Extension L,single,left,3.3279731273651123
254,1698177786.536374,562214,-101,562214,-101,394.49802584058824,Isaiah Wright,ISO Quad Extension L,single,left,3.3410191535949707
255,1698177786.549715,563249,-101,563249,-101,395.2520667417188,Isaiah Wright,ISO Quad Extension L,single,left,3.3543601036071777
256,1698177786.562708,564111,-101,564111,-101,395.8800698883608,Isaiah Wright,ISO Quad Extension L,single,left,3.3673529624938965
257,1698177786.575899,566811,-101,566811,-101,397.8471331087014,Isaiah Wright,ISO Quad Extension L,single,left,3.3805439472198486
258,1698177786.589041,567340,-101,567340,-101,398.2325317915016,Isaiah Wright,ISO Quad Extension L,single,left,3.393686056137085
259,1698177786.602196,568276,-101,568276,-101,398.9144470412196,Isaiah Wright,ISO Quad Extension L,single,left,3.4068410396575928
260,1698177786.615731,572072,-101,572072,-101,401.67999222063185,Isaiah Wright,ISO Quad Extension L,single,left,3.4203760623931885
261,1698177786.628622,579036,-101,579036,-101,406.7535582452436,Isaiah Wright,ISO Quad Extension L,single,left,3.433267116546631
262,1698177786.641929,590219,-101,590219,-101,414.90084268712104,Isaiah Wright,ISO Quad Extension L,single,left,3.4465739727020264
263,1698177786.655048,591891,-101,591891,-101,416.11896479986524,Isaiah Wright,ISO Quad Extension L,single,left,3.45969295501709
264,1698177786.668022,591618,-101,591618,-101,415.92007285203084,Isaiah Wright,ISO Quad Extension L,single,left,3.4726669788360596
265,1698177786.681233,592057,-101,592057,-101,416.2399027608196,Isaiah Wright,ISO Quad Extension L,single,left,3.4858779907226562
266,1698177786.69447,594031,-101,594031,-101,417.67804453746857,Isaiah Wright,ISO Quad Extension L,single,left,3.499114990234375
267,1698177786.707697,598228,-101,598228,-101,420.735735032198,Isaiah Wright,ISO Quad Extension L,single,left,3.5123419761657715
268,1698177786.720854,599621,-101,599621,-101,421.7505939455071,Isaiah Wright,ISO Quad Extension L,single,left,3.525499105453491
269,1698177786.73395,597575,-101,597575,-101,420.25999714964894,Isaiah Wright,ISO Quad Extension L,single,left,3.538594961166382
270,1698177786.747193,596314,-101,596314,-101,419.3413057715565,Isaiah Wright,ISO Quad Extension L,single,left,3.5518381595611572
271,1698177786.7601988,595151,-101,595151,-101,418.4940115029432,Isaiah Wright,ISO Quad Extension L,single,left,3.5648438930511475
272,1698177786.773327,593080,-101,593080,-101,416.9852011587486,Isaiah Wright,ISO Quad Extension L,single,left,3.577972173690796
273,1698177786.7864609,593675,-101,593675,-101,417.41868360915703,Isaiah Wright,ISO Quad Extension L,single,left,3.5911059379577637
274,1698177786.79983,592891,-101,592891,-101,416.8475067333248,Isaiah Wright,ISO Quad Extension L,single,left,3.6044750213623047
275,1698177786.812961,593289,-101,593289,-101,417.1374664228416,Isaiah Wright,ISO Quad Extension L,single,left,3.6176061630249023
276,1698177786.825978,594650,-101,594650,-101,418.12901199428,Isaiah Wright,ISO Quad Extension L,single,left,3.6306231021881104
277,1698177786.8393118,596725,-101,596725,-101,419.64073650620844,Isaiah Wright,ISO Quad Extension L,single,left,3.6439568996429443
278,1698177786.852413,600394,-101,600394,-101,422.31375686007124,Isaiah Wright,ISO Quad Extension L,single,left,3.657058000564575
279,1698177786.865495,605025,-101,605025,-101,425.68763455392207,Isaiah Wright,ISO Quad Extension L,single,left,3.670140027999878
280,1698177786.878764,604996,-101,604996,-101,425.6665068378518,Isaiah Wright,ISO Quad Extension L,single,left,3.6834089756011963
281,1698177786.891973,604732,-101,604732,-101,425.4741717674185,Isaiah Wright,ISO Quad Extension L,single,left,3.69661808013916
282,1698177786.9050748,605022,-101,605022,-101,425.68544892812173,Isaiah Wright,ISO Quad Extension L,single,left,3.7097198963165283
283,1698177786.918273,606506,-101,606506,-101,426.76660515737564,Isaiah Wright,ISO Quad Extension L,single,left,3.7229180335998535
284,1698177786.9312809,612868,-101,612868,-101,431.4015889380448,Isaiah Wright,ISO Quad Extension L,single,left,3.7359259128570557
285,1698177786.9447439,615048,-101,615048,-101,432.9898103529865,Isaiah Wright,ISO Quad Extension L,single,left,3.7493889331817627
286,1698177786.957407,615474,-101,615474,-101,433.30016921664026,Isaiah Wright,ISO Quad Extension L,single,left,3.762052059173584
287,1698177786.9705548,612432,-101,612432,-101,431.0839446550565,Isaiah Wright,ISO Quad Extension L,single,left,3.7751998901367188
288,1698177786.9838562,608859,-101,608859,-101,428.4808643268058,Isaiah Wright,ISO Quad Extension L,single,left,3.788501262664795
289,1698177786.996848,606287,-101,606287,-101,426.607054473948,Isaiah Wright,ISO Quad Extension L,single,left,3.8014931678771973
290,1698177787.010335,605643,-101,605643,-101,426.1378734688001,Isaiah Wright,ISO Quad Extension L,single,left,3.8149800300598145
291,1698177787.0235689,607556,-101,607556,-101,427.5315741875081,Isaiah Wright,ISO Quad Extension L,single,left,3.828213930130005
292,1698177787.036646,608264,-101,608264,-101,428.04738187639737,Isaiah Wright,ISO Quad Extension L,single,left,3.8412909507751465
293,1698177787.049957,608636,-101,608636,-101,428.3183994756443,Isaiah Wright,ISO Quad Extension L,single,left,3.854602098464966
294,1698177787.063116,608576,-101,608576,-101,428.2746869596367,Isaiah Wright,ISO Quad Extension L,single,left,3.8677611351013184
295,1698177787.076148,606463,-101,606463,-101,426.73527785423687,Isaiah Wright,ISO Quad Extension L,single,left,3.8807930946350098
296,1698177787.089459,607288,-101,607288,-101,427.3363249493409,Isaiah Wright,ISO Quad Extension L,single,left,3.89410400390625
297,1698177787.1025112,609474,-101,609474,-101,428.92891761588334,Isaiah Wright,ISO Quad Extension L,single,left,3.907156229019165
298,1698177787.11578,611950,-101,611950,-101,430.732787443129,Isaiah Wright,ISO Quad Extension L,single,left,3.9204251766204834
299,1698177787.1287801,613913,-101,613913,-101,432.16291525851,Isaiah Wright,ISO Quad Extension L,single,left,3.933425188064575
300,1698177787.141921,616015,-101,616015,-101,433.6943104026418,Isaiah Wright,ISO Quad Extension L,single,left,3.946566104888916
301,1698177787.155346,617931,-101,617931,-101,435.0901967471502,Isaiah Wright,ISO Quad Extension L,single,left,3.959990978240967
302,1698177787.168464,616293,-101,616293,-101,433.89684506014356,Isaiah Wright,ISO Quad Extension L,single,left,3.973109006881714
303,1698177787.181448,614002,-101,614002,-101,432.22775549058787,Isaiah Wright,ISO Quad Extension L,single,left,3.986093044281006
304,1698177787.1947389,610435,-101,610435,-101,429.62904641393794,Isaiah Wright,ISO Quad Extension L,single,left,3.9993839263916016
305,1698177787.207934,606347,-101,606347,-101,426.6507669899555,Isaiah Wright,ISO Quad Extension L,single,left,4.012578964233398
306,1698177787.221099,599266,-101,599266,-101,421.491961559129,Isaiah Wright,ISO Quad Extension L,single,left,4.0257439613342285
307,1698177787.2342489,596155,-101,596155,-101,419.2254676041365,Isaiah Wright,ISO Quad Extension L,single,left,4.038893938064575
308,1698177787.2472699,595209,-101,595209,-101,418.5362669350838,Isaiah Wright,ISO Quad Extension L,single,left,4.051914930343628
309,1698177787.2605639,595417,-101,595417,-101,418.6878036572434,Isaiah Wright,ISO Quad Extension L,single,left,4.065208911895752
310,1698177787.273778,597259,-101,597259,-101,420.0297778986757,Isaiah Wright,ISO Quad Extension L,single,left,4.078423023223877
311,1698177787.286855,600399,-101,600399,-101,422.31739956973854,Isaiah Wright,ISO Quad Extension L,single,left,4.0915000438690186
312,1698177787.300131,605163,-101,605163,-101,425.78817334073955,Isaiah Wright,ISO Quad Extension L,single,left,4.10477614402771
313,1698177787.3132758,604760,-101,604760,-101,425.4945709415553,Isaiah Wright,ISO Quad Extension L,single,left,4.117920875549316
314,1698177787.326234,604376,-101,604376,-101,425.21481083910686,Isaiah Wright,ISO Quad Extension L,single,left,4.130879163742065
315,1698177787.339424,605110,-101,605110,-101,425.7495606182662,Isaiah Wright,ISO Quad Extension L,single,left,4.144068956375122
316,1698177787.3526201,606072,-101,606072,-101,426.4504179582542,Isaiah Wright,ISO Quad Extension L,single,left,4.1572651863098145
317,1698177787.365988,612403,-101,612403,-101,431.06281693898615,Isaiah Wright,ISO Quad Extension L,single,left,4.17063307762146
318,1698177787.379192,614604,-101,614604,-101,432.6663377345305,Isaiah Wright,ISO Quad Extension L,single,left,4.183837175369263
319,1698177787.392124,614680,-101,614680,-101,432.7217069214734,Isaiah Wright,ISO Quad Extension L,single,left,4.1967689990997314
320,1698177787.405459,613691,-101,613691,-101,432.00117894928195,Isaiah Wright,ISO Quad Extension L,single,left,4.210103988647461
321,1698177787.418633,615410,-101,615410,-101,433.2535425328988,Isaiah Wright,ISO Quad Extension L,single,left,4.223278045654297
322,1698177787.4316149,630722,-101,630722,-101,444.4089766180304,Isaiah Wright,ISO Quad Extension L,single,left,4.236259937286377
323,1698177787.44493,637337,-101,637337,-101,449.2282815078649,Isaiah Wright,ISO Quad Extension L,single,left,4.249575138092041
324,1698177787.4578292,638997,-101,638997,-101,450.43766111740763,Isaiah Wright,ISO Quad Extension L,single,left,4.262474298477173
325,1698177787.470835,636009,-101,636009,-101,448.2607778202307,Isaiah Wright,ISO Quad Extension L,single,left,4.275480031967163
326,1698177787.484145,630478,-101,630478,-101,444.2312123862663,Isaiah Wright,ISO Quad Extension L,single,left,4.288789987564087
327,1698177787.4974341,626718,-101,626718,-101,441.49189471645866,Isaiah Wright,ISO Quad Extension L,single,left,4.302079200744629
328,1698177787.5107698,621183,-101,621183,-101,437.4594151147604,Isaiah Wright,ISO Quad Extension L,single,left,4.315414905548096
329,1698177787.523822,620407,-101,620407,-101,436.8940665743958,Isaiah Wright,ISO Quad Extension L,single,left,4.328467130661011
330,1698177787.5369332,622106,-101,622106,-101,438.1318593193435,Isaiah Wright,ISO Quad Extension L,single,left,4.341578245162964
331,1698177787.5501518,625747,-101,625747,-101,440.7844804990695,Isaiah Wright,ISO Quad Extension L,single,left,4.354796886444092
332,1698177787.5635781,630411,-101,630411,-101,444.18240007672455,Isaiah Wright,ISO Quad Extension L,single,left,4.368223190307617
333,1698177787.5766752,634538,-101,634538,-101,447.1890926361118,Isaiah Wright,ISO Quad Extension L,single,left,4.381320238113403
334,1698177787.5897431,633545,-101,633545,-101,446.4656504961865,Isaiah Wright,ISO Quad Extension L,single,left,4.394388198852539
335,1698177787.602794,632058,-101,632058,-101,445.3823086411323,Isaiah Wright,ISO Quad Extension L,single,left,4.4074389934539795
336,1698177787.6161711,630570,-101,630570,-101,444.29823824414456,Isaiah Wright,ISO Quad Extension L,single,left,4.42081618309021
337,1698177787.62921,634195,-101,634195,-101,446.93920275293516,Isaiah Wright,ISO Quad Extension L,single,left,4.433855056762695
338,1698177787.642277,641261,-101,641261,-101,452.0870800547599,Isaiah Wright,ISO Quad Extension L,single,left,4.446922063827515
339,1698177787.655541,649498,-101,649498,-101,458.08807996066565,Isaiah Wright,ISO Quad Extension L,single,left,4.460186004638672
340,1698177787.66879,649269,-101,649269,-101,457.92124385790345,Isaiah Wright,ISO Quad Extension L,single,left,4.473435163497925
341,1698177787.681994,648019,-101,648019,-101,457.01056644107905,Isaiah Wright,ISO Quad Extension L,single,left,4.486639022827148
342,1698177787.695103,648412,-101,648412,-101,457.2968834209287,Isaiah Wright,ISO Quad Extension L,single,left,4.49974799156189
343,1698177787.7105641,649364,-101,649364,-101,457.9904553415821,Isaiah Wright,ISO Quad Extension L,single,left,4.515209197998047
344,1698177787.72143,650198,-101,650198,-101,458.5980593140873,Isaiah Wright,ISO Quad Extension L,single,left,4.526075124740601
345,1698177787.7344892,654227,-101,654227,-101,461.53335476399553,Isaiah Wright,ISO Quad Extension L,single,left,4.53913426399231
346,1698177787.747679,660110,-101,660110,-101,465.81936695853767,Isaiah Wright,ISO Quad Extension L,single,left,4.552324056625366
347,1698177787.760761,664046,-101,664046,-101,468.6869080086342,Isaiah Wright,ISO Quad Extension L,single,left,4.565406084060669
348,1698177787.774185,662080,-101,662080,-101,467.25459456745284,Isaiah Wright,ISO Quad Extension L,single,left,4.578830003738403
349,1698177787.78723,657069,-101,657069,-101,463.6038709388874,Isaiah Wright,ISO Quad Extension L,single,left,4.591875076293945
350,1698177787.800535,653193,-101,653193,-101,460.78004240479845,Isaiah Wright,ISO Quad Extension L,single,left,4.605180025100708
351,1698177787.813598,655853,-101,655853,-101,462.7179639478006,Isaiah Wright,ISO Quad Extension L,single,left,4.618242979049683
352,1698177787.826679,657832,-101,657832,-101,464.159748434117,Isaiah Wright,ISO Quad Extension L,single,left,4.631324052810669
353,1698177787.8397598,659344,-101,659344,-101,465.2613038375077,Isaiah Wright,ISO Quad Extension L,single,left,4.644404888153076
354,1698177787.8529248,658144,-101,658144,-101,464.3870535173563,Isaiah Wright,ISO Quad Extension L,single,left,4.657569885253906
355,1698177787.866086,653398,-101,653398,-101,460.9293935011577,Isaiah Wright,ISO Quad Extension L,single,left,4.670731067657471
356,1698177787.879473,651068,-101,651068,-101,459.23189079619704,Isaiah Wright,ISO Quad Extension L,single,left,4.684118032455444
357,1698177787.892628,648229,-101,648229,-101,457.1635602471055,Isaiah Wright,ISO Quad Extension L,single,left,4.697273015975952
358,1698177787.9057548,648609,-101,648609,-101,457.4404061818202,Isaiah Wright,ISO Quad Extension L,single,left,4.710399866104126
359,1698177787.918744,649505,-101,649505,-101,458.09317975419987,Isaiah Wright,ISO Quad Extension L,single,left,4.723389148712158
360,1698177787.932019,649443,-101,649443,-101,458.04801015432537,Isaiah Wright,ISO Quad Extension L,single,left,4.736664056777954
361,1698177787.945183,649848,-101,649848,-101,458.34306963737646,Isaiah Wright,ISO Quad Extension L,single,left,4.749828100204468
362,1698177787.958127,645429,-101,645429,-101,455.12364283341907,Isaiah Wright,ISO Quad Extension L,single,left,4.762772083282471
363,1698177787.971188,641459,-101,641459,-101,452.23133135758485,Isaiah Wright,ISO Quad Extension L,single,left,4.7758331298828125
364,1698177787.984384,639695,-101,639695,-101,450.94618338696233,Isaiah Wright,ISO Quad Extension L,single,left,4.789029121398926
365,1698177787.997677,638833,-101,638833,-101,450.31818024032026,Isaiah Wright,ISO Quad Extension L,single,left,4.802322149276733
366,1698177788.011036,634291,-101,634291,-101,447.00914277854736,Isaiah Wright,ISO Quad Extension L,single,left,4.815680980682373
367,1698177788.024311,629433,-101,629433,-101,443.4698860658011,Isaiah Wright,ISO Quad Extension L,single,left,4.828956127166748
368,1698177788.037303,623379,-101,623379,-101,439.05929320063746,Isaiah Wright,ISO Quad Extension L,single,left,4.84194803237915
369,1698177788.050776,621318,-101,621318,-101,437.55776827577745,Isaiah Wright,ISO Quad Extension L,single,left,4.85542106628418
370,1698177788.063686,621437,-101,621437,-101,437.64446476585914,Isaiah Wright,ISO Quad Extension L,single,left,4.868330955505371
371,1698177788.076941,621200,-101,621200,-101,437.47180032762924,Isaiah Wright,ISO Quad Extension L,single,left,4.881586074829102
372,1698177788.090156,618874,-101,618874,-101,435.7772117904025,Isaiah Wright,ISO Quad Extension L,single,left,4.894801139831543
373,1698177788.1031308,615598,-101,615598,-101,433.39050841638925,Isaiah Wright,ISO Quad Extension L,single,left,4.90777587890625
374,1698177788.116693,613552,-101,613552,-101,431.8999116205311,Isaiah Wright,ISO Quad Extension L,single,left,4.921338081359863
375,1698177788.129448,613419,-101,613419,-101,431.803015543381,Isaiah Wright,ISO Quad Extension L,single,left,4.934092998504639
376,1698177788.142634,611617,-101,611617,-101,430.490182979287,Isaiah Wright,ISO Quad Extension L,single,left,4.94727897644043
377,1698177788.1557708,598953,-101,598953,-101,421.2639279339561,Isaiah Wright,ISO Quad Extension L,single,left,4.960415840148926
378,1698177788.168884,592763,-101,592763,-101,416.7542533658419,Isaiah Wright,ISO Quad Extension L,single,left,4.973529100418091
379,1698177788.182225,585093,-101,585093,-101,411.1663367362077,Isaiah Wright,ISO Quad Extension L,single,left,4.986870050430298
380,1698177788.195531,577206,-101,577206,-101,405.4203265070128,Isaiah Wright,ISO Quad Extension L,single,left,5.000175952911377
381,1698177788.208496,570169,-101,570169,-101,400.2935769212584,Isaiah Wright,ISO Quad Extension L,single,left,5.01314115524292
382,1698177788.221786,566470,-101,566470,-101,397.5987003093918,Isaiah Wright,ISO Quad Extension L,single,left,5.026431083679199
383,1698177788.23491,560770,-101,560770,-101,393.4460112886727,Isaiah Wright,ISO Quad Extension L,single,left,5.039555072784424
384,1698177788.247951,559627,-101,559627,-101,392.61328785872854,Isaiah Wright,ISO Quad Extension L,single,left,5.052596092224121
385,1698177788.261085,558860,-101,558860,-101,392.0544961957652,Isaiah Wright,ISO Quad Extension L,single,left,5.065730094909668
386,1698177788.2742379,557061,-101,557061,-101,390.74384925747154,Isaiah Wright,ISO Quad Extension L,single,left,5.078882932662964
387,1698177788.287597,554965,-101,554965,-101,389.21682536494046,Isaiah Wright,ISO Quad Extension L,single,left,5.092242002487183
388,1698177788.300808,549549,-101,549549,-101,385.2710422533239,Isaiah Wright,ISO Quad Extension L,single,left,5.105453014373779
389,1698177788.3141801,547856,-101,547856,-101,384.037620759977,Isaiah Wright,ISO Quad Extension L,single,left,5.118825197219849
390,1698177788.3269582,546599,-101,546599,-101,383.1218435496184,Isaiah Wright,ISO Quad Extension L,single,left,5.131603240966797
391,1698177788.340079,545248,-101,545248,-101,382.1375833975147,Isaiah Wright,ISO Quad Extension L,single,left,5.144724130630493
392,1698177788.353259,544209,-101,544209,-101,381.38062832865023,Isaiah Wright,ISO Quad Extension L,single,left,5.157904148101807
393,1698177788.366395,542968,-101,542968,-101,380.476507789227,Isaiah Wright,ISO Quad Extension L,single,left,5.171040058135986
394,1698177788.379682,549258,-101,549258,-101,385.0590365506872,Isaiah Wright,ISO Quad Extension L,single,left,5.184327125549316
395,1698177788.392956,551548,-101,551548,-101,386.72739757830936,Isaiah Wright,ISO Quad Extension L,single,left,5.197601079940796
396,1698177788.406101,552564,-101,552564,-101,387.46759618270426,Isaiah Wright,ISO Quad Extension L,single,left,5.2107460498809814
397,1698177788.4195142,551218,-101,551218,-101,386.4869787402678,Isaiah Wright,ISO Quad Extension L,single,left,5.224159240722656
398,1698177788.4323578,548657,-101,548657,-101,384.621182848678,Isaiah Wright,ISO Quad Extension L,single,left,5.237002849578857
399,1698177788.445524,545928,-101,545928,-101,382.63299191226713,Isaiah Wright,ISO Quad Extension L,single,left,5.250169038772583
400,1698177788.458393,546559,-101,546559,-101,383.09270187228003,Isaiah Wright,ISO Quad Extension L,single,left,5.263038158416748
401,1698177788.471429,548823,-101,548823,-101,384.7421208096323,Isaiah Wright,ISO Quad Extension L,single,left,5.276074171066284
402,1698177788.484641,553740,-101,553740,-101,388.3243614964526,Isaiah Wright,ISO Quad Extension L,single,left,5.289286136627197
403,1698177788.497934,558534,-101,558534,-101,391.8169915254573,Isaiah Wright,ISO Quad Extension L,single,left,5.302579164505005
404,1698177788.511329,560902,-101,560902,-101,393.5421788238894,Isaiah Wright,ISO Quad Extension L,single,left,5.315973997116089
405,1698177788.5245461,561492,-101,561492,-101,393.97201856463045,Isaiah Wright,ISO Quad Extension L,single,left,5.329191207885742
406,1698177788.537778,562573,-101,562573,-101,394.75957239470017,Isaiah Wright,ISO Quad Extension L,single,left,5.342422962188721
407,1698177788.5508711,565648,-101,565648,-101,396.9998388400881,Isaiah Wright,ISO Quad Extension L,single,left,5.355516195297241
408,1698177788.563948,570992,-101,570992,-101,400.8931669324956,Isaiah Wright,ISO Quad Extension L,single,left,5.368592977523804
409,1698177788.576942,576789,-101,576789,-101,405.11652452076015,Isaiah Wright,ISO Quad Extension L,single,left,5.381587028503418
410,1698177788.590328,583983,-101,583983,-101,410.3576551900677,Isaiah Wright,ISO Quad Extension L,single,left,5.394973039627075
411,1698177788.6034439,585649,-101,585649,-101,411.57140605121117,Isaiah Wright,ISO Quad Extension L,single,left,5.40808892250061
412,1698177788.616868,588805,-101,588805,-101,413.87068439320933,Isaiah Wright,ISO Quad Extension L,single,left,5.421513080596924
413,1698177788.629947,594336,-101,594336,-101,417.90024982717375,Isaiah Wright,ISO Quad Extension L,single,left,5.434592008590698
414,1698177788.64305,602172,-101,602172,-101,423.6091044177622,Isaiah Wright,ISO Quad Extension L,single,left,5.447695016860962
415,1698177788.656099,610010,-101,610010,-101,429.3194160922176,Isaiah Wright,ISO Quad Extension L,single,left,5.460744142532349
416,1698177788.669301,620623,-101,620623,-101,437.0514316320231,Isaiah Wright,ISO Quad Extension L,single,left,5.4739460945129395
417,1698177788.682652,622803,-101,622803,-101,438.6396530469648,Isaiah Wright,ISO Quad Extension L,single,left,5.487297058105469
418,1698177788.695796,625292,-101,625292,-101,440.4529939193454,Isaiah Wright,ISO Quad Extension L,single,left,5.500441074371338
419,1698177788.708976,627616,-101,627616,-101,442.1461253727052,Isaiah Wright,ISO Quad Extension L,single,left,5.513621091842651
420,1698177788.722132,630753,-101,630753,-101,444.43156141796766,Isaiah Wright,ISO Quad Extension L,single,left,5.526777029037476
421,1698177788.735229,633546,-101,633546,-101,446.46637903811995,Isaiah Wright,ISO Quad Extension L,single,left,5.539874076843262
422,1698177788.7482991,634014,-101,634014,-101,446.8073366629791,Isaiah Wright,ISO Quad Extension L,single,left,5.552944183349609
423,1698177788.761355,632445,-101,632445,-101,445.6642543693811,Isaiah Wright,ISO Quad Extension L,single,left,5.565999984741211
424,1698177788.774646,628288,-101,628288,-101,442.63570555199,Isaiah Wright,ISO Quad Extension L,single,left,5.579291105270386
425,1698177788.787786,622288,-101,622288,-101,438.2644539512332,Isaiah Wright,ISO Quad Extension L,single,left,5.59243106842041
426,1698177788.801047,617145,-101,617145,-101,434.517562787451,Isaiah Wright,ISO Quad Extension L,single,left,5.605692148208618
427,1698177788.814304,617691,-101,617691,-101,434.91534668311994,Isaiah Wright,ISO Quad Extension L,single,left,5.6189491748809814
428,1698177788.827397,618536,-101,618536,-101,435.5309646168932,Isaiah Wright,ISO Quad Extension L,single,left,5.632042169570923
429,1698177788.840422,619564,-101,619564,-101,436.27990572448954,Isaiah Wright,ISO Quad Extension L,single,left,5.645066976547241
430,1698177788.853367,619834,-101,619834,-101,436.4766120465236,Isaiah Wright,ISO Quad Extension L,single,left,5.65801215171814
431,1698177788.8667672,621100,-101,621100,-101,437.3989461342833,Isaiah Wright,ISO Quad Extension L,single,left,5.671412229537964
432,1698177788.879831,624151,-101,624151,-101,439.6217275732682,Isaiah Wright,ISO Quad Extension L,single,left,5.684476137161255
433,1698177788.8932328,625388,-101,625388,-101,440.5229339449576,Isaiah Wright,ISO Quad Extension L,single,left,5.697877883911133
434,1698177788.906633,625891,-101,625891,-101,440.8893905374876,Isaiah Wright,ISO Quad Extension L,single,left,5.711277961730957
435,1698177788.919683,628280,-101,628280,-101,442.6298772165224,Isaiah Wright,ISO Quad Extension L,single,left,5.72432804107666
436,1698177788.9326952,628313,-101,628313,-101,442.6539191003265,Isaiah Wright,ISO Quad Extension L,single,left,5.737340211868286
437,1698177788.945832,624431,-101,624431,-101,439.82571931463684,Isaiah Wright,ISO Quad Extension L,single,left,5.750477075576782
438,1698177788.958857,620389,-101,620389,-101,436.8809528195936,Isaiah Wright,ISO Quad Extension L,single,left,5.76350212097168
439,1698177788.971825,620654,-101,620654,-101,437.07401643196033,Isaiah Wright,ISO Quad Extension L,single,left,5.776469945907593
440,1698177788.984959,620084,-101,620084,-101,436.6587475298885,Isaiah Wright,ISO Quad Extension L,single,left,5.78960394859314
441,1698177788.998275,619818,-101,619818,-101,436.46495537558826,Isaiah Wright,ISO Quad Extension L,single,left,5.80292010307312
442,1698177789.011648,622434,-101,622434,-101,438.37082107351824,Isaiah Wright,ISO Quad Extension L,single,left,5.816293001174927
443,1698177789.0250702,625547,-101,625547,-101,440.6387721123776,Isaiah Wright,ISO Quad Extension L,single,left,5.829715251922607
444,1698177789.038143,627747,-101,627747,-101,442.24156436598844,Isaiah Wright,ISO Quad Extension L,single,left,5.842787981033325
445,1698177789.051409,628821,-101,628821,-101,443.02401840252395,Isaiah Wright,ISO Quad Extension L,single,left,5.856054067611694
446,1698177789.064385,628586,-101,628586,-101,442.85281104816096,Isaiah Wright,ISO Quad Extension L,single,left,5.869029998779297
447,1698177789.07776,628449,-101,628449,-101,442.75300080327696,Isaiah Wright,ISO Quad Extension L,single,left,5.882405042648315
448,1698177789.09102,-4037074,-101,628449,-101,442.75300080327696,Isaiah Wright,ISO Quad Extension L,single,left,5.895665168762207
449,1698177789.104078,8388607,-101,628449,-101,442.75300080327696,Isaiah Wright,ISO Quad Extension L,single,left,5.9087231159210205
450,1698177789.117415,631715,-101,631715,-101,445.1324187579557,Isaiah Wright,ISO Quad Extension L,single,left,5.922060012817383
451,1698177789.130338,633497,-101,633497,-101,446.43068048338046,Isaiah Wright,ISO Quad Extension L,single,left,5.934983015060425
452,1698177789.143553,634463,-101,634463,-101,447.13445199110237,Isaiah Wright,ISO Quad Extension L,single,left,5.948198080062866
453,1698177789.156631,635229,-101,635229,-101,447.6925151121323,Isaiah Wright,ISO Quad Extension L,single,left,5.961276054382324
454,1698177789.169634,634052,-101,634052,-101,446.8350212564505,Isaiah Wright,ISO Quad Extension L,single,left,5.974279165267944
455,1698177789.18302,636484,-101,636484,-101,448.606835238624,Isaiah Wright,ISO Quad Extension L,single,left,5.987665176391602
456,1698177789.1962,638184,-101,638184,-101,449.84535652550505,Isaiah Wright,ISO Quad Extension L,single,left,6.000844955444336
457,1698177789.2093801,638191,-101,638191,-101,449.85045631903927,Isaiah Wright,ISO Quad Extension L,single,left,6.0140252113342285
458,1698177789.222455,637372,-101,637372,-101,449.25378047553596,Isaiah Wright,ISO Quad Extension L,single,left,6.027100086212158
459,1698177789.2357938,632370,-101,632370,-101,445.6096137243717,Isaiah Wright,ISO Quad Extension L,single,left,6.040438890457153
460,1698177789.2489128,632414,-101,632414,-101,445.6416695694439,Isaiah Wright,ISO Quad Extension L,single,left,6.053557872772217
461,1698177789.261881,633685,-101,633685,-101,446.56764636687086,Isaiah Wright,ISO Quad Extension L,single,left,6.066526174545288
462,1698177789.275043,635513,-101,635513,-101,447.8994210212348,Isaiah Wright,ISO Quad Extension L,single,left,6.07968807220459
463,1698177789.288182,637560,-101,637560,-101,449.39074635902637,Isaiah Wright,ISO Quad Extension L,single,left,6.092827081680298
464,1698177789.301543,638549,-101,638549,-101,450.11127433121777,Isaiah Wright,ISO Quad Extension L,single,left,6.106188058853149
465,1698177789.314708,641071,-101,641071,-101,451.9486570874026,Isaiah Wright,ISO Quad Extension L,single,left,6.1193530559539795
466,1698177789.327698,640490,-101,640490,-101,451.5253742240626,Isaiah Wright,ISO Quad Extension L,single,left,6.132343053817749
467,1698177789.341095,639269,-101,639269,-101,450.6358245233086,Isaiah Wright,ISO Quad Extension L,single,left,6.145740032196045
468,1698177789.354142,637006,-101,637006,-101,448.9871341278898,Isaiah Wright,ISO Quad Extension L,single,left,6.15878701210022
469,1698177789.3675551,634654,-101,634654,-101,447.2736035003931,Isaiah Wright,ISO Quad Extension L,single,left,6.1722002029418945
470,1698177789.3805819,637602,-101,637602,-101,449.42134512023165,Isaiah Wright,ISO Quad Extension L,single,left,6.185226917266846
471,1698177789.3937511,640917,-101,640917,-101,451.8364616296498,Isaiah Wright,ISO Quad Extension L,single,left,6.1983962059021
472,1698177789.406882,643395,-101,643395,-101,453.64178854076243,Isaiah Wright,ISO Quad Extension L,single,left,6.211527109146118
473,1698177789.420171,645211,-101,645211,-101,454.96482069192484,Isaiah Wright,ISO Quad Extension L,single,left,6.224816083908081
474,1698177789.433237,646944,-101,646944,-101,456.2273838626101,Isaiah Wright,ISO Quad Extension L,single,left,6.237882137298584
475,1698177789.446199,649048,-101,649048,-101,457.7602360906089,Isaiah Wright,ISO Quad Extension L,single,left,6.2508440017700195
476,1698177789.459211,651779,-101,651779,-101,459.74988411088674,Isaiah Wright,ISO Quad Extension L,single,left,6.2638561725616455
477,1698177789.47223,651867,-101,651867,-101,459.8139958010311,Isaiah Wright,ISO Quad Extension L,single,left,6.276875019073486
478,1698177789.485332,651973,-101,651973,-101,459.8912212459779,Isaiah Wright,ISO Quad Extension L,single,left,6.289977073669434
479,1698177789.498654,652309,-101,652309,-101,460.13601133562025,Isaiah Wright,ISO Quad Extension L,single,left,6.3032989501953125
480,1698177789.511745,652265,-101,652265,-101,460.10395549054806,Isaiah Wright,ISO Quad Extension L,single,left,6.316390037536621
481,1698177789.5248268,655062,-101,655062,-101,462.1416872784342,Isaiah Wright,ISO Quad Extension L,single,left,6.329471826553345
482,1698177789.5380301,659114,-101,659114,-101,465.093739192812,Isaiah Wright,ISO Quad Extension L,single,left,6.34267520904541
483,1698177789.551307,664628,-101,664628,-101,469.11091941390765,Isaiah Wright,ISO Quad Extension L,single,left,6.355952024459839
484,1698177789.564661,666913,-101,666913,-101,470.77563773186256,Isaiah Wright,ISO Quad Extension L,single,left,6.3693060874938965
485,1698177789.577996,665808,-101,665808,-101,469.9705988953898,Isaiah Wright,ISO Quad Extension L,single,left,6.382641077041626
486,1698177789.591082,663220,-101,663220,-101,468.08513237159667,Isaiah Wright,ISO Quad Extension L,single,left,6.395727157592773
487,1698177789.6044989,657953,-101,657953,-101,464.2479020080656,Isaiah Wright,ISO Quad Extension L,single,left,6.409143924713135
488,1698177789.617715,659402,-101,659402,-101,465.30355926964836,Isaiah Wright,ISO Quad Extension L,single,left,6.422359943389893
489,1698177789.6308491,660858,-101,660858,-101,466.36431632476535,Isaiah Wright,ISO Quad Extension L,single,left,6.4354941844940186
490,1698177789.6439638,660799,-101,660799,-101,466.3213323506913,Isaiah Wright,ISO Quad Extension L,single,left,6.448608875274658
491,1698177789.657024,658974,-101,658974,-101,464.9917433221277,Isaiah Wright,ISO Quad Extension L,single,left,6.461668968200684
492,1698177789.670152,655029,-101,655029,-101,462.1176453946301,Isaiah Wright,ISO Quad Extension L,single,left,6.474797010421753
493,1698177789.6833768,654063,-101,654063,-101,461.41387388690816,Isaiah Wright,ISO Quad Extension L,single,left,6.4880218505859375
494,1698177789.696543,653758,-101,653758,-101,461.19166859720303,Isaiah Wright,ISO Quad Extension L,single,left,6.501188039779663
495,1698177789.7097652,656161,-101,656161,-101,462.94235486330615,Isaiah Wright,ISO Quad Extension L,single,left,6.5144102573394775
496,1698177789.722969,657962,-101,657962,-101,464.2544588854667,Isaiah Wright,ISO Quad Extension L,single,left,6.527614116668701
497,1698177789.736117,659065,-101,659065,-101,465.0580406380725,Isaiah Wright,ISO Quad Extension L,single,left,6.540761947631836
498,1698177789.749378,660498,-101,660498,-101,466.10204122871994,Isaiah Wright,ISO Quad Extension L,single,left,6.554023027420044
499,1698177789.762568,661831,-101,661831,-101,467.0731876260215,Isaiah Wright,ISO Quad Extension L,single,left,6.56721305847168
500,1698177789.7755919,662525,-101,662525,-101,467.5787957278423,Isaiah Wright,ISO Quad Extension L,single,left,6.580236911773682
501,1698177789.788702,662926,-101,662926,-101,467.8709410431596,Isaiah Wright,ISO Quad Extension L,single,left,6.593347072601318
502,1698177789.8019578,664030,-101,664030,-101,468.67525133769885,Isaiah Wright,ISO Quad Extension L,single,left,6.606602907180786
503,1698177789.815229,665976,-101,665976,-101,470.09299394021104,Isaiah Wright,ISO Quad Extension L,single,left,6.619874000549316
504,1698177789.828415,665233,-101,665233,-101,469.5516872836506,Isaiah Wright,ISO Quad Extension L,single,left,6.633059978485107
505,1698177789.8414779,663948,-101,663948,-101,468.6155108991552,Isaiah Wright,ISO Quad Extension L,single,left,6.646122932434082
506,1698177789.854601,662718,-101,662718,-101,467.719404321,Isaiah Wright,ISO Quad Extension L,single,left,6.65924596786499
507,1698177789.867834,662642,-101,662642,-101,467.6640351340571,Isaiah Wright,ISO Quad Extension L,single,left,6.672479152679443
508,1698177789.880976,664161,-101,664161,-101,468.770690330982,Isaiah Wright,ISO Quad Extension L,single,left,6.685621023178101
509,1698177789.89413,669852,-101,669852,-101,472.9168224742999,Isaiah Wright,ISO Quad Extension L,single,left,6.698775053024292
510,1698177789.907273,670198,-101,670198,-101,473.1688979832769,Isaiah Wright,ISO Quad Extension L,single,left,6.711918115615845
511,1698177789.92034,668544,-101,668544,-101,471.96388962533496,Isaiah Wright,ISO Quad Extension L,single,left,6.724985122680664
512,1698177789.933589,667600,-101,667600,-101,471.27614604014923,Isaiah Wright,ISO Quad Extension L,single,left,6.738234043121338
513,1698177789.946883,667112,-101,667112,-101,470.920617576621,Isaiah Wright,ISO Quad Extension L,single,left,6.751528024673462
514,1698177789.959769,670350,-101,670350,-101,473.27963635716276,Isaiah Wright,ISO Quad Extension L,single,left,6.764414072036743
515,1698177789.9727092,669710,-101,669710,-101,472.8133695197487,Isaiah Wright,ISO Quad Extension L,single,left,6.7773542404174805
516,1698177789.985901,666015,-101,666015,-101,470.1214070756159,Isaiah Wright,ISO Quad Extension L,single,left,6.790546178817749
517,1698177789.999011,661556,-101,661556,-101,466.87283859432006,Isaiah Wright,ISO Quad Extension L,single,left,6.803656101226807
518,1698177790.012319,657069,-101,657069,-101,463.6038709388874,Isaiah Wright,ISO Quad Extension L,single,left,6.816964149475098
519,1698177790.025759,654395,-101,654395,-101,461.6557498088167,Isaiah Wright,ISO Quad Extension L,single,left,6.830404043197632
520,1698177790.0389209,655230,-101,655230,-101,462.2640823232554,Isaiah Wright,ISO Quad Extension L,single,left,6.843565940856934
521,1698177790.05198,655416,-101,655416,-101,462.39959112287886,Isaiah Wright,ISO Quad Extension L,single,left,6.856625080108643
522,1698177790.065398,655012,-101,655012,-101,462.1052601817612,Isaiah Wright,ISO Quad Extension L,single,left,6.870043039321899
523,1698177790.0783548,654046,-101,654046,-101,461.4014886740394,Isaiah Wright,ISO Quad Extension L,single,left,6.882999897003174
524,1698177790.0916219,653719,-101,653719,-101,461.16325546179814,Isaiah Wright,ISO Quad Extension L,single,left,6.896266937255859
525,1698177790.104765,658705,-101,658705,-101,464.79576554202714,Isaiah Wright,ISO Quad Extension L,single,left,6.909409999847412
526,1698177790.117952,660583,-101,660583,-101,466.16396729306405,Isaiah Wright,ISO Quad Extension L,single,left,6.922597169876099
527,1698177790.130904,660362,-101,660362,-101,466.0029595257694,Isaiah Wright,ISO Quad Extension L,single,left,6.935549020767212
528,1698177790.1442492,659017,-101,659017,-101,465.0230706252665,Isaiah Wright,ISO Quad Extension L,single,left,6.948894262313843
529,1698177790.156922,657267,-101,657267,-101,463.74812224171234,Isaiah Wright,ISO Quad Extension L,single,left,6.961567163467407
530,1698177790.170068,656868,-101,656868,-101,463.45743401026203,Isaiah Wright,ISO Quad Extension L,single,left,6.974713087081909
531,1698177790.183153,660044,-101,660044,-101,465.77128319092935,Isaiah Wright,ISO Quad Extension L,single,left,6.987797975540161
532,1698177790.1965282,662574,-101,662574,-101,467.6144942825818,Isaiah Wright,ISO Quad Extension L,single,left,7.001173257827759
533,1698177790.209655,663742,-101,663742,-101,468.4654312608625,Isaiah Wright,ISO Quad Extension L,single,left,7.014300107955933
534,1698177790.223217,664492,-101,664492,-101,469.01183771095714,Isaiah Wright,ISO Quad Extension L,single,left,7.027862071990967
535,1698177790.236367,666251,-101,666251,-101,470.29334297191235,Isaiah Wright,ISO Quad Extension L,single,left,7.0410120487213135
536,1698177790.2495549,670775,-101,670775,-101,473.58926667888306,Isaiah Wright,ISO Quad Extension L,single,left,7.054199934005737
537,1698177790.262731,672301,-101,672301,-101,474.70102166934225,Isaiah Wright,ISO Quad Extension L,single,left,7.067376136779785
538,1698177790.276503,672831,-101,672831,-101,475.08714889407577,Isaiah Wright,ISO Quad Extension L,single,left,7.081148147583008
